Transaction ID,Date,Product Category,Product Name,Units Sold,Unit Price,Total Revenue,Region,Payment Method
10001,2024-01-01 00:00:00,Electronics,iPhone 14 Pro,2,999.99,1999.98,North America,Credit Card
10002,2024-01-02 00:00:00,Home Appliances,,1,499.99,499.99,Europe,PayPal
10003,2024-01-03 00:00:00,Clothing,,3,69.99,209.97,Asia,Debit Card
10004,2024-01-04 00:00:00,Books,,,15.99,63.96,North America,Credit Card
10005,2024-01-05 00:00:00,Beauty Products,Neutrogena Skincare Set,1,89.99,89.99,Europe,PayPal
10006,2024-01-06 00:00:00,Sports,,,29.99,149.95,Asia,Credit Card
10007,2024-01-07 00:00:00,Electronics,,1,2499.99,2499.99,North America,Credit Card
10008,2024-01-08 00:00:00,Home Appliances,,2,599.99,1199.98,Europe,
10009,2024-01-09 00:00:00,Clothing,,6,89.99,539.94,Asia,Debit Card
10010,2024-01-10 00:00:00,Books,Dune by Frank Herbert,2,25.99,51.98,North America,Credit Card
10011,2024-01-11 00:00:00,Beauty Products,,1,129.99,129.99,Europe,PayPal
10012,2024-01-12 00:00:00,Sports,,3,199.99,599.97,Asia,Credit Card
10013,2024-01-13 00:00:00,Electronics,,2,749.99,1499.98,North America,Credit Card
10014,2024-01-14 00:00:00,Home Appliances,,1,189.99,171.25,Europe,PayPal
10015,2024-01-15 00:00:00,Clothing,,,249.99,499.98,Asia,Debit Card
10016,2024-01-16 00:00:00,Books,,,35.99,107.97,North America,Credit Card
10017,2024-01-17 00:00:00,Beauty Products,,1,399.99,399.99,Europe,PayPal
10018,2024-01-18 00:00:00,Sports,,4,119.99,479.96,Asia,Credit Card
10019,2024-01-19 00:00:00,Electronics,,2,499.99,999.98,North America,
10020,2024-01-20 00:00:00,Home Appliances,,1,99.99,99.99,Europe,PayPal
10021,2024-01-21 00:00:00,Clothing,,3,59.99,179.97,Asia,Debit Card
10022,2024-01-22 00:00:00,Books,,2,22.99,45.98,North America,Credit Card
10023,2024-01-23 00:00:00,Beauty Products,,1,49.99,49.99,Europe,PayPal
10024,2024-01-24 00:00:00,Sports,,3,29.99,89.97,Asia,Credit Card
10025,2024-01-25 00:00:00,Electronics,,1,299.99,299.99,North America,Credit Card
10026,2024-01-26 00:00:00,Home Appliances,,1,179.99,179.99,Europe,PayPal
10027,2024-01-27 00:00:00,Clothing,,2,179.99,359.98,Asia,Debit Card
10028,2024-01-28 00:00:00,Books,,3,12.99,38.97,North America,Credit Card
10029,2024-01-29 00:00:00,Beauty Products,,1,29.99,29.99,Europe,PayPal
10030,2024-01-30 00:00:00,Sports,,2,129.99,259.98,Asia,Credit Card
10031,2024-01-31 00:00:00,Electronics,,2,349.99,699.98,North America,Credit Card
10032,2024-02-01 00:00:00,Home Appliances,,3,89.99,269.97,Europe,PayPal
10033,2024-02-02 00:00:00,Clothing,,,29.99,149.95,Asia,Debit Card
10034,2024-02-03 00:00:00,Books,1984 by George Orwell,4,19.99,79.96,North America,
10035,2024-02-04 00:00:00,Beauty Products,,2,39.99,79.98,Europe,PayPal
10036,2024-02-05 00:00:00,Sports,,1,1895.0,1895.0,Asia,Credit Card
10037,2024-02-06 00:00:00,Electronics,,,399.99,1357.16,North America,Credit Card
10038,2024-02-07 00:00:00,Home Appliances,,2,799.99,1599.98,Europe,
10039,2024-02-08 00:00:00,Clothing,,4,59.99,239.96,Asia,Debit Card
10040,2024-02-09 00:00:00,Books,,3,24.99,74.97,North America,Credit Card
10041,2024-02-10 00:00:00,Beauty Products,Estee Lauder Advanced Night Repair,,105.0,105.0,Europe,PayPal
10042,2024-02-11 00:00:00,Sports,,2,129.99,259.98,Asia,Credit Card
10043,2024-02-12 00:00:00,Electronics,GoPro HERO10 Black,3,399.99,1199.97,North America,Credit Card
10044,2024-02-13 00:00:00,Home Appliances,,1,199.99,199.99,Europe,PayPal
10045,2024-02-14 00:00:00,Clothing,,,139.99,279.98,Asia,Debit Card
10046,2024-02-15 00:00:00,Books,Becoming by Michelle Obama,4,32.5,130.0,North America,Credit Card
10047,2024-02-16 00:00:00,Beauty Products,Clinique Moisture Surge,,52.0,52.0,Europe,PayPal
10048,2024-02-17 00:00:00,Sports,,6,39.99,239.94,Asia,Credit Card
10049,2024-02-18 00:00:00,Electronics,,2,129.99,223.49,North America,Credit Card
10050,2024-02-19 00:00:00,Home Appliances,,1,299.99,299.99,Europe,PayPal
10051,2024-02-20 00:00:00,Clothing,Ray-Ban Aviator Sunglasses,3,154.99,464.97,Asia,Debit Card
10052,2024-02-21 00:00:00,Books,,2,26.99,53.98,North America,Credit Card
10053,2024-02-22 00:00:00,Beauty Products,Shiseido Ultimate Sun Protector,1,49.0,49.0,Europe,PayPal
10054,2024-02-23 00:00:00,Sports,Titleist Pro V1 Golf Balls,5,49.99,249.95,Asia,Credit Card
10055,2024-02-24 00:00:00,Electronics,,4,59.99,239.96,North America,Credit Card
10056,2024-02-25 00:00:00,Home Appliances,KitchenAid Artisan Stand Mixer,1,499.99,499.99,Europe,PayPal
10057,2024-02-26 00:00:00,Clothing,,,29.99,149.95,Asia,Debit Card
10058,2024-02-27 00:00:00,Books,Educated by Tara Westover,3,28.0,84.0,North America,Credit Card
10059,2024-02-28 00:00:00,Beauty Products,,2,23.0,46.0,Europe,PayPal
10060,2024-02-29 00:00:00,Sports,,1,349.0,349.0,Asia,Credit Card
10061,2024-03-01 00:00:00,Electronics,Nintendo Switch,,299.99,949.81,North America,Credit Card
10062,2024-03-02 00:00:00,Home Appliances,,2,199.99,399.98,Europe,PayPal
10063,2024-03-03 00:00:00,Clothing,Hanes ComfortSoft T-Shirt,10,9.99,99.9,Asia,Debit Card
10064,2024-03-04 00:00:00,Books,,4,18.99,75.96,North America,Credit Card
10065,2024-03-05 00:00:00,Beauty Products,,1,102.0,102.0,Europe,PayPal
10066,2024-03-06 00:00:00,Sports,,2,299.99,599.98,Asia,
10067,2024-03-07 00:00:00,Electronics,,1,1199.99,1199.99,North America,Credit Card
10068,2024-03-08 00:00:00,Home Appliances,,3,219.99,659.97,Europe,PayPal
10069,2024-03-09 00:00:00,Clothing,Puma Suede Classic Sneakers,4,59.99,239.96,Asia,Debit Card
10070,2024-03-10 00:00:00,Books,,2,10.99,21.98,North America,
10071,2024-03-11 00:00:00,Beauty Products,,,78.0,78.0,Europe,PayPal
10072,2024-03-12 00:00:00,Sports,Nike Metcon 6,3,129.99,389.97,Asia,Credit Card
10073,2024-03-13 00:00:00,Electronics,HP Spectre x360 Laptop,1,1599.99,1599.99,North America,Credit Card
10074,2024-03-14 00:00:00,Home Appliances,,,899.99,899.99,Europe,PayPal
10075,2024-03-15 00:00:00,Clothing,Tommy Hilfiger Polo Shirt,5,49.99,249.95,Asia,Debit Card
10076,2024-03-16 00:00:00,Books,,4,14.99,59.96,North America,Credit Card
10077,2024-03-17 00:00:00,Beauty Products,,2,16.0,32.0,Europe,PayPal
10078,2024-03-18 00:00:00,Sports,Rogue Fitness Kettlebell,3,69.99,209.97,Asia,Credit Card
10079,2024-03-19 00:00:00,Electronics,,2,249.99,499.98,North America,Credit Card
10080,2024-03-20 00:00:00,Home Appliances,Dyson Pure Cool Link,1,499.99,499.99,Europe,PayPal
10081,2024-03-21 00:00:00,Clothing,Levi's Trucker Jacket,,89.99,179.98,Asia,Debit Card
10082,2024-03-22 00:00:00,Books,,3,12.99,38.97,North America,Credit Card
10083,2024-03-23 00:00:00,Beauty Products,Charlotte Tilbury Magic Cream,1,100.0,100.0,Europe,PayPal
10084,2024-03-24 00:00:00,Sports,,6,24.99,149.94,Asia,Credit Card
10085,2024-03-25 00:00:00,Electronics,,1,99.99,99.99,North America,Credit Card
10086,2024-03-26 00:00:00,Home Appliances,,2,1299.99,2599.98,Europe,PayPal
10087,2024-03-27 00:00:00,Clothing,,3,79.99,239.97,Asia,Debit Card
10088,2024-03-28 00:00:00,Books,,4,13.99,55.96,North America,Credit Card
10089,2024-03-29 00:00:00,Beauty Products,,1,105.0,105.0,Europe,PayPal
10090,2024-03-30 00:00:00,Sports,On Running Cloud Shoes,2,129.99,259.98,Asia,Credit Card
10091,2024-03-31 00:00:00,Electronics,,,99.99,199.98,North America,Credit Card
10092,2024-04-01 00:00:00,Home Appliances,,1,179.99,179.99,Europe,PayPal
10093,2024-04-02 00:00:00,Clothing,Adidas Originals Superstar Sneakers,4,79.99,319.96,Asia,Debit Card
10094,2024-04-03 00:00:00,Books,,,14.99,44.97,North America,Credit Card
10095,2024-04-04 00:00:00,Beauty Products,Tatcha The Water Cream,1,68.0,68.0,Europe,PayPal
10096,2024-04-05 00:00:00,Sports,,1,999.99,999.99,Asia,Credit Card
10097,2024-04-06 00:00:00,Electronics,,3,299.99,899.97,North America,
10098,2024-04-07 00:00:00,Home Appliances,Vitamix Explorian Blender,1,349.99,349.99,Europe,PayPal
10099,2024-04-08 00:00:00,Clothing,,6,19.99,119.94,Asia,Debit Card
10100,2024-04-09 00:00:00,Books,,2,12.99,25.98,North America,Credit Card
10101,2024-04-10 00:00:00,Beauty Products,,1,82.0,82.0,Europe,PayPal
10102,2024-04-11 00:00:00,Sports,,2,109.99,219.98,Asia,Credit Card
10103,2024-04-12 00:00:00,Electronics,Canon EOS R5 Camera,1,3899.99,3899.99,North America,Credit Card
10104,2024-04-13 00:00:00,Home Appliances,,2,349.99,699.98,Europe,PayPal
10105,2024-04-14 00:00:00,Clothing,H&M Slim Fit Jeans,3,39.99,119.97,Asia,Debit Card
10106,2024-04-15 00:00:00,Books,The Girl on the Train by Paula Hawkins,4,10.99,43.96,North America,
10107,2024-04-16 00:00:00,Beauty Products,The Ordinary Niacinamide Serum,1,6.5,6.5,Europe,PayPal
10108,2024-04-17 00:00:00,Sports,,1,399.99,399.99,Asia,Credit Card
10109,2024-04-18 00:00:00,Electronics,,2,229.99,459.98,North America,Credit Card
10110,2024-04-19 00:00:00,Home Appliances,,1,159.99,159.99,Europe,PayPal
10111,2024-04-20 00:00:00,Clothing,Old Navy Relaxed-Fit T-Shirt,4,14.99,59.96,Asia,Debit Card
10112,2024-04-21 00:00:00,Books,,2,18.99,37.98,North America,
10113,2024-04-22 00:00:00,Beauty Products,,1,15.0,15.0,Europe,PayPal
10114,2024-04-23 00:00:00,Sports,,3,229.95,689.85,Asia,Credit Card
10115,2024-04-24 00:00:00,Electronics,,,249.99,249.99,North America,Credit Card
10116,2024-04-25 00:00:00,Home Appliances,,2,299.95,599.9,Europe,
10117,2024-04-26 00:00:00,Clothing,,3,49.99,149.97,Asia,Debit Card
10118,2024-04-27 00:00:00,Books,Atomic Habits by James Clear,4,16.99,67.96,North America,
10119,2024-04-28 00:00:00,Beauty Products,,2,14.99,29.98,Europe,PayPal
10120,2024-04-29 00:00:00,Sports,,1,249.99,249.99,Asia,Credit Card
10121,2024-04-30 00:00:00,Electronics,Apple iPad Air,2,599.99,1199.98,North America,Credit Card
10122,2024-05-01 00:00:00,Home Appliances,,1,89.99,89.99,Europe,PayPal
10123,2024-05-02 00:00:00,Clothing,,,12.99,64.95,Asia,Debit Card
10124,2024-05-03 00:00:00,Books,,3,14.99,44.97,North America,Credit Card
10125,2024-05-04 00:00:00,Beauty Products,,1,30.0,30.0,Europe,PayPal
10126,2024-05-05 00:00:00,Sports,Yeti Roadie 24 Cooler,1,199.99,222.57,Asia,Credit Card
10127,2024-05-06 00:00:00,Electronics,,,499.99,499.99,North America,Credit Card
10128,2024-05-07 00:00:00,Home Appliances,,2,399.99,799.98,Europe,PayPal
10129,2024-05-08 00:00:00,Clothing,,3,98.0,294.0,Asia,Debit Card
10130,2024-05-09 00:00:00,Books,,2,8.99,17.98,North America,Credit Card
10131,2024-05-10 00:00:00,Beauty Products,,,36.0,36.0,Europe,PayPal
10132,2024-05-11 00:00:00,Sports,,4,39.95,159.8,Asia,Credit Card
10133,2024-05-12 00:00:00,Electronics,Microsoft Surface Laptop 4,1,1299.99,1299.99,North America,Credit Card
10134,2024-05-13 00:00:00,Home Appliances,Keurig K-Mini Coffee Maker,2,79.99,159.98,Europe,PayPal
10135,2024-05-14 00:00:00,Clothing,,4,34.99,139.96,Asia,Debit Card
10136,2024-05-15 00:00:00,Books,,3,9.99,29.97,North America,Credit Card
10137,2024-05-16 00:00:00,Beauty Products,,1,6.8,6.8,Europe,PayPal
10138,2024-05-17 00:00:00,Sports,Fitbit Inspire 2,2,99.95,199.9,Asia,Credit Card
10139,2024-05-18 00:00:00,Electronics,,1,1499.99,1499.99,North America,Credit Card
10140,2024-05-19 00:00:00,Home Appliances,,1,139.99,139.99,Europe,PayPal
10141,2024-05-20 00:00:00,Clothing,,3,44.99,134.97,Asia,Debit Card
10142,2024-05-21 00:00:00,Books,,,11.99,23.98,North America,
10143,2024-05-22 00:00:00,Beauty Products,,1,29.5,29.5,Europe,PayPal
10144,2024-05-23 00:00:00,Sports,,1,299.99,299.99,Asia,Credit Card
10145,2024-05-24 00:00:00,Electronics,,1,549.0,549.0,North America,
10146,2024-05-25 00:00:00,Home Appliances,Cuisinart Coffee Center,2,199.95,399.9,Europe,PayPal
10147,2024-05-26 00:00:00,Clothing,,2,98.0,196.0,Asia,Debit Card
10148,2024-05-27 00:00:00,Books,,3,10.99,32.97,North America,Credit Card
10149,2024-05-28 00:00:00,Beauty Products,,1,25.0,25.0,Europe,PayPal
10150,2024-05-29 00:00:00,Sports,,2,149.99,299.98,Asia,Credit Card
10151,2024-05-30 00:00:00,Electronics,,1,349.99,349.99,North America,Credit Card
10152,2024-05-31 00:00:00,Home Appliances,,2,199.99,399.98,Europe,PayPal
10153,2024-06-01 00:00:00,Clothing,,3,54.99,151.56,Asia,Debit Card
10154,2024-06-02 00:00:00,Books,The Night Circus by Erin Morgenstern,2,16.99,33.98,North America,
10155,2024-06-03 00:00:00,Beauty Products,,1,59.0,59.0,Europe,PayPal
10156,2024-06-04 00:00:00,Sports,,1,299.99,299.99,Asia,Credit Card
10157,2024-06-05 00:00:00,Electronics,,1,899.99,899.99,North America,
10158,2024-06-06 00:00:00,Home Appliances,,1,499.95,499.95,Europe,PayPal
10159,2024-06-07 00:00:00,Clothing,,4,24.99,99.96,Asia,Debit Card
10160,2024-06-08 00:00:00,Books,,3,7.99,23.97,North America,
10161,2024-06-09 00:00:00,Beauty Products,,1,36.0,36.0,Europe,PayPal
10162,2024-06-10 00:00:00,Sports,,2,34.99,69.98,Asia,Credit Card
10163,2024-06-11 00:00:00,Electronics,,1,1199.99,1199.99,North America,
10164,2024-06-12 00:00:00,Home Appliances,,1,199.99,199.99,Europe,PayPal
10165,2024-06-13 00:00:00,Clothing,,5,29.99,149.95,Asia,Debit Card
10166,2024-06-14 00:00:00,Books,The Hunger Games by Suzanne Collins,4,8.99,35.96,North America,Credit Card
10167,2024-06-15 00:00:00,Beauty Products,,1,16.99,16.99,Europe,PayPal
10168,2024-06-16 00:00:00,Sports,,,49.99,149.97,Asia,Credit Card
10169,2024-06-17 00:00:00,Electronics,,1,699.99,699.99,North America,Credit Card
10170,2024-06-18 00:00:00,Home Appliances,,,139.99,279.98,Europe,PayPal
10171,2024-06-19 00:00:00,Clothing,,3,34.99,104.97,Asia,Debit Card
10172,2024-06-20 00:00:00,Books,,2,9.99,19.98,North America,
10173,2024-06-21 00:00:00,Beauty Products,Paula's Choice Skin Perfecting 2% BHA Liquid Exfoliant,1,29.5,29.5,Europe,PayPal
10174,2024-06-22 00:00:00,Sports,,1,699.99,699.99,Asia,Credit Card
10175,2024-06-23 00:00:00,Electronics,,3,49.99,149.97,North America,Credit Card
10176,2024-06-24 00:00:00,Home Appliances,,,49.99,99.98,Europe,PayPal
10177,2024-06-25 00:00:00,Clothing,Uniqlo Airism Mesh Boxer Briefs,,14.9,59.6,Asia,Debit Card
10178,2024-06-26 00:00:00,Books,,3,11.99,35.97,North America,Credit Card
10179,2024-06-27 00:00:00,Beauty Products,,2,34.0,68.0,Europe,PayPal
10180,2024-06-28 00:00:00,Sports,,1,146.0,146.0,Asia,Credit Card
10181,2024-06-29 00:00:00,Electronics,,1,649.99,649.99,North America,Credit Card
10182,2024-06-30 00:00:00,Home Appliances,,1,399.99,399.99,Europe,PayPal
10183,2024-07-01 00:00:00,Clothing,Levi's 511 Slim Fit Jeans,3,59.99,179.97,Asia,Debit Card
10184,2024-07-02 00:00:00,Books,The Martian by Andy Weir,2,12.99,25.98,North America,Credit Card
10185,2024-07-03 00:00:00,Beauty Products,,1,190.0,190.0,Europe,PayPal
10186,2024-07-04 00:00:00,Sports,,1,499.95,499.95,Asia,Credit Card
10187,2024-07-05 00:00:00,Electronics,,,399.0,399.0,North America,Credit Card
10188,2024-07-06 00:00:00,Home Appliances,,2,199.0,398.0,Europe,PayPal
10189,2024-07-07 00:00:00,Clothing,,4,34.99,139.96,Asia,Debit Card
10190,2024-07-08 00:00:00,Books,,3,10.99,32.97,North America,Credit Card
10191,2024-07-09 00:00:00,Beauty Products,,1,18.0,18.0,Europe,PayPal
10192,2024-07-10 00:00:00,Sports,,1,169.95,169.95,Asia,Credit Card
10193,2024-07-11 00:00:00,Electronics,,1,199.99,199.99,North America,Credit Card
10194,2024-07-12 00:00:00,Home Appliances,,1,199.95,199.95,Europe,PayPal
10195,2024-07-13 00:00:00,Clothing,Adidas Ultraboost Running Shoes,,179.99,359.98,Asia,Debit Card
10196,2024-07-14 00:00:00,Books,,2,11.99,23.98,North America,Credit Card
10197,2024-07-15 00:00:00,Beauty Products,,,125.0,125.0,Europe,PayPal
10198,2024-07-16 00:00:00,Sports,,1,449.99,449.99,Asia,Credit Card
10199,2024-07-17 00:00:00,Electronics,,,179.0,358.0,North America,Credit Card
10200,2024-07-18 00:00:00,Home Appliances,,1,99.95,99.95,Europe,PayPal
10201,2024-07-19 00:00:00,Clothing,,,59.99,179.97,Asia,Debit Card
10202,2024-07-20 00:00:00,Books,,2,14.99,29.98,North America,
10203,2024-07-21 00:00:00,Beauty Products,Dr. Jart+ Cicapair Tiger Grass Color Correcting Treatment,1,52.0,52.0,Europe,PayPal
10204,2024-07-22 00:00:00,Sports,,1,399.99,399.99,Asia,Credit Card
10205,2024-07-23 00:00:00,Electronics,Samsung Galaxy Watch 4,1,299.99,299.99,North America,Credit Card
10206,2024-07-24 00:00:00,Home Appliances,,1,379.99,379.99,Europe,PayPal
10207,2024-07-25 00:00:00,Clothing,Lululemon Wunder Under High-Rise Leggings,2,98.0,196.0,Asia,Debit Card
10208,2024-07-26 00:00:00,Books,,3,16.99,50.97,North America,
10209,2024-07-27 00:00:00,Beauty Products,,1,79.0,79.0,Europe,PayPal
10210,2024-07-28 00:00:00,Sports,,1,129.0,129.0,Asia,Credit Card
10211,2024-07-29 00:00:00,Electronics,,1,749.99,749.99,North America,Credit Card
10212,2024-07-30 00:00:00,Home Appliances,,,169.99,339.98,Europe,PayPal
10213,2024-07-31 00:00:00,Clothing,,4,9.9,39.6,Asia,Debit Card
10214,2024-08-01 00:00:00,Books,The Girl with the Dragon Tattoo by Stieg Larsson,3,10.99,32.97,North America,Credit Card
10215,2024-08-02 00:00:00,Beauty Products,,2,29.0,58.0,Europe,PayPal
10216,2024-08-03 00:00:00,Sports,,1,349.99,349.99,Asia,Credit Card
10217,2024-08-04 00:00:00,Electronics,,1,2399.0,2399.0,North America,Credit Card
10218,2024-08-05 00:00:00,Home Appliances,,1,449.99,449.99,Europe,PayPal
10219,2024-08-06 00:00:00,Clothing,,3,49.99,149.97,Asia,Debit Card
10220,2024-08-07 00:00:00,Books,,2,12.99,25.98,North America,
10221,2024-08-08 00:00:00,Beauty Products,,1,27.0,27.0,Europe,PayPal
10222,2024-08-09 00:00:00,Sports,,1,599.99,599.99,Asia,Credit Card
10223,2024-08-10 00:00:00,Electronics,,4,49.99,199.96,North America,Credit Card
10224,2024-08-11 00:00:00,Home Appliances,Philips Sonicare DiamondClean Toothbrush,2,229.99,459.98,Europe,PayPal
10225,2024-08-12 00:00:00,Clothing,,2,44.99,89.98,Asia,Debit Card
10226,2024-08-13 00:00:00,Books,,3,26.99,80.97,North America,Credit Card
10227,2024-08-14 00:00:00,Beauty Products,,1,6.7,6.7,Europe,PayPal
10228,2024-08-15 00:00:00,Sports,,2,149.95,299.9,Asia,Credit Card
10229,2024-08-16 00:00:00,Electronics,Google Nest Wifi Router,1,169.0,169.0,North America,Credit Card
10230,2024-08-17 00:00:00,Home Appliances,,1,599.0,599.0,Europe,PayPal
10231,2024-08-18 00:00:00,Clothing,,4,64.99,259.96,Asia,Debit Card
10232,2024-08-19 00:00:00,Books,,2,9.99,19.98,North America,Credit Card
10233,2024-08-20 00:00:00,Beauty Products,Fresh Sugar Lip Treatment,1,24.0,24.0,Europe,PayPal
10234,2024-08-21 00:00:00,Sports,,,32.95,98.85,Asia,Credit Card
10235,2024-08-22 00:00:00,Electronics,,1,299.0,299.0,North America,Credit Card
10236,2024-08-23 00:00:00,Home Appliances,Nespresso Vertuo Next Coffee and Espresso Maker,1,159.99,159.99,Europe,PayPal
10237,2024-08-24 00:00:00,Clothing,,3,90.0,270.0,Asia,Debit Card
10238,2024-08-25 00:00:00,Books,,3,10.99,32.97,North America,
10239,2024-08-26 00:00:00,Beauty Products,Sunday Riley Luna Sleeping Night Oil,1,55.0,55.0,Europe,PayPal
10240,2024-08-27 00:00:00,Sports,,,29.99,59.98,Asia,Credit Card
10241,2024-11-23,Clothing,,1,870.33,870.33,North America,
10242,2024-10-06,Sports,,97,420.63,40801.11,Europe,
10243,2024-01-14,Electronics,,1,129.06,129.06,North America,Credit Card
10244,2025-03-21,Books,,1,1.0,1.0,Europe,
10245,2025-01-25,Home Appliances,,,1.0,1.0,Asia,Credit Card
10246,2024-05-15,Books,,1,646.59,646.59,Europe,Credit Card
10247,2024-11-17,Electronics,,2,613.95,1227.9,,Bank Transfer
10248,2024-05-28,Beauty Products,,1,111.13,111.13,Asia,Credit Card
10249,2024-07-05,Electronics,Microsoft Surface Laptop 4,1,352.22,352.22,Asia,Credit Card
10250,2024-11-27,Books,Where the Crawdads Sing by Delia Owens,2,1.0,2.0,Europe,Credit Card
10251,2024-05-18,Sports,,2,910.9,1821.8,Asia,Credit Card
10252,2025-02-16,Home Appliances,,340,615.06,209120.4,North America,Credit Card
10253,2024-12-01,Clothing,,3,1.0,3.0,Europe,Credit Card
10254,2024-10-02,Books,,2,1.0,2.0,North America,Cryptocurrency
10255,2024-03-11,Beauty Products,,2,617.64,1134.44,,Mobile Payment
10256,2024-03-22,Electronics,Electronics Basic 710,245,1.0,245.0,Asia,PayPal
10257,2024-05-08,Home Appliances,,1,160.07,160.07,North America,PayPal
10258,2024-05-16,Books,,1,861.05,861.05,Asia,PayPal
10259,2025-01-03,Electronics,,3,812.65,2437.95,,Mobile Payment
10260,2025-03-06,Clothing,,3,1.0,3.0,North America,Credit Card
10261,2025-02-02,Electronics,,3,4716.39,14149.17,Europe,Credit Card
10262,2025-03-25,Books,,499,865.95,432109.05,Asia,
10263,2025-02-21,Clothing,,1,508.5,508.5,North America,Credit Card
10264,2024-10-08,Electronics,,3,495.77,1487.31,Asia,Credit Card
10265,2024-10-03,Sports,,3,359.07,1077.21,Asia,Credit Card
10266,2024-08-12,Electronics,,1,776.96,746.7,Asia,Debit Card
10267,2024-10-28,Electronics,,1,515.71,515.71,Europe,Credit Card
10268,2024-06-18,Home Appliances,Instant Pot Duo Crisp,1,1.0,1.0,Asia,Credit Card
10269,2025-01-05,Books,,1,673.84,673.84,,
10270,2024-02-19,Home Appliances,,1,225.01,225.01,North America,Credit Card
10271,2024-12-10,Books,,422,1.0,422.0,North America,Debit Card
10272,2024-05-07,Home Appliances,,,221.49,442.98,Asia,Credit Card
10273,2024-05-07,Beauty Products,,1,826.07,826.07,Asia,
10274,2024-10-03,Beauty Products,,4,1.0,4.0,Europe,PayPal
10275,2024-04-19,Electronics,,,751.04,751.04,North America,Credit Card
10276,2025-02-05,Books,,1,100.36,100.36,Europe,Credit Card
10277,2024-12-04,Beauty Products,,2,167.28,334.56,North America,Credit Card
10278,2024-10-04,Electronics,,,703.96,245682.04,Asia,
10279,2024-09-28,Books,,145,930.91,134981.95,North America,Credit Card
10280,2024-07-25,Sports,,1,395.28,395.28,Europe,Credit Card
10281,2024-08-02,Beauty Products,Tarte Shape Tape Concealer,3,501.64,1504.92,North America,
10282,2025-01-01,Sports,,3,409.53,1228.59,North America,Credit Card
10283,2024-06-10,Books,,1,521.56,521.56,North America,PayPal
10284,2024-02-07,Home Appliances,,3,733.95,2201.85,Europe,
10285,2025-03-26,Books,,,1.0,1.0,Europe,
10286,2024-11-09,Home Appliances,,2,203.28,406.56,Asia,PayPal
10287,2025-03-25,Beauty Products,,2,1410.68,2821.36,Europe,Credit Card
10288,2024-05-24,Beauty Products,,2,1.0,2.0,Asia,Gift Card
10289,2024-09-07,Sports,,266,666.78,177363.48,Europe,Credit Card
10290,2024-03-07,Sports,,2,486.91,973.82,Asia,Debit Card
10291,2024-10-14,Home Appliances,,2,518.01,1036.02,Europe,Debit Card
10292,2024-07-08,Home Appliances,,2,2458.61,4917.22,Asia,PayPal
10293,2025-04-22,Books,,1,890.06,890.06,North America,PayPal
10294,2025-03-28,Sports,,2,1.0,2.0,Asia,PayPal
10295,2025-03-27,Beauty Products,,1,829.89,829.89,North America,
10296,2025-02-14,Beauty Products,,2,936.08,1872.16,Asia,
10297,2025-03-15,Beauty Products,,,336.15,2497.46,Europe,
10298,2025-02-11,Electronics,,2,146.16,292.32,Europe,PayPal
10299,2024-02-05,Home Appliances,,,58.38,116.76,North America,Debit Card
10300,2024-10-01,Clothing,,2,216.72,433.44,Asia,Credit Card
10301,2024-05-15,Books,,1,1096.88,1096.88,Europe,PayPal
10302,2024-09-18,Sports,,4,2744.23,10976.92,Europe,Credit Card
10303,2024-09-23,Beauty Products,Beauty Products Lite 472,1,1.0,1.0,North America,Credit Card
10304,2024-11-15,Sports,,2,655.47,1310.94,Europe,Credit Card
10305,2024-07-28,Electronics,,2,1.0,2.0,Asia,PayPal
10306,2024-07-13,Home Appliances,Eufy RoboVac 11S,4,679.78,2719.12,Europe,
10307,2024-01-01,Clothing,,1,993.04,993.04,North America,
10308,2024-08-26,Clothing,Levi's Trucker Jacket,1,1.0,1.0,Europe,PayPal
10309,2025-01-11,Books,,1,1.0,1.0,Europe,PayPal
10310,2024-02-17,Sports,,1,523.11,523.11,North America,
10311,2024-08-31,Electronics,,2,632.52,1265.04,Europe,Credit Card
10312,2025-01-02,Books,,2,986.94,1973.88,Asia,Credit Card
10313,2025-04-02,Sports,,1,74.78,74.78,North America,Debit Card
10314,2024-09-22,Electronics,,2,101.49,202.98,North America,PayPal
10315,2025-02-14,Books,,3,226.38,679.14,Asia,
10316,2025-04-01,Home Appliances,,2,557.32,1114.64,Asia,
10317,2024-03-22,Clothing,,2,1.0,2.0,Asia,Debit Card
10318,2025-01-27,Clothing,,3,543.59,1630.77,North America,Debit Card
10319,2024-04-30,Books,,,1.0,3.0,Asia,
10320,2024-07-15,Electronics,,258,762.2,196647.6,Asia,Credit Card
10321,2024-02-01,Home Appliances,,4,693.85,2775.4,Europe,Credit Card
10322,2024-01-11,Home Appliances,,,733.74,168760.2,Asia,
10323,2025-04-01,Electronics,,,54.35,187.0,Europe,Credit Card
10324,2024-04-22,Sports,,2,2344.52,4689.04,Europe,
10325,2024-12-13,Electronics,,,937.73,1875.46,North America,Credit Card
10326,2024-01-14,Beauty Products,,1,336.05,336.05,North America,Cryptocurrency
10327,2024-01-26,Clothing,,,1.0,3.0,Asia,Cryptocurrency
10328,2024-07-13,Beauty Products,,1,769.71,769.71,Asia,PayPal
10329,2024-06-28,Clothing,,1,59.28,59.28,Europe,Credit Card
10330,2024-05-06,Electronics,MacBook Pro 16-inch###,2,493.18,986.36,Asia,
10331,2024-02-28,Sports,,1,1.0,1.0,Asia,Credit Card
10332,2024-11-06,Sports,,1,379.91,379.91,North America,PayPal
10333,2024-10-23,Sports,,2,1260.99,2521.98,Asia,Credit Card
10334,2025-01-01,Books,,2,445.53,891.06,North America,Credit Card
10335,2024-11-03,Sports,Sports Pro 455,2,823.77,1647.54,Asia,Credit Card
10336,2024-01-07,Books,,1,1.0,1.0,Europe,Credit Card
10337,2024-08-23,Books,,1,226.58,226.58,Asia,PayPal
10338,2025-02-17,Electronics,,1,1141.11,1141.11,Asia,Debit Card
10339,2025-03-12,Electronics,,,233.39,466.78,,Cryptocurrency
10340,2024-10-18,Electronics,,1,936.01,936.01,Asia,Debit Card
10341,2024-09-06,Sports,,1,1.0,1.0,North America,Credit Card
10342,2024-05-21,Sports,,2,303.85,607.7,Asia,Gift Card
10343,2024-09-07,Sports,,1,1.0,1.0,North America,Gift Card
10344,2025-02-09,Books,,3,1.0,3.0,Europe,
10345,2024-10-24,Electronics,,2,1233.84,2467.68,Asia,PayPal
10346,2024-06-18,Sports,Oakley Holbrook Sunglasses,4,596.29,2385.16,Asia,Credit Card
10347,2024-03-02,Electronics,,4,994.06,3976.24,North America,Credit Card
10348,2025-01-24,Electronics,Google Nest Hub Max,3,809.13,2427.39,Europe,Credit Card
10349,2024-07-03,Sports,,1,527.26,527.26,Europe,
10350,2024-05-29,Beauty Products,Shiseido Ultimate Sun Protector,4,506.13,2024.52,Asia,Gift Card
10351,2024-05-25,Electronics,,1,348.27,348.27,North America,Credit Card
10352,2025-03-17,Sports,,3,1.0,3.0,Europe,Credit Card
10353,2024-01-28,Electronics,,2,1.0,2.0,Europe,Debit Card
10354,2024-10-12,Clothing,,2,1.0,2.0,North America,Credit Card
10355,2025-03-16,Home Appliances,,,1.0,2.0,North America,Credit Card
10356,2025-01-13,Clothing,,1,619.93,619.93,North America,Credit Card
10357,2024-10-09,Books,,2,89.01,178.02,Asia,PayPal
10358,2024-01-17,Electronics,Google Nest Hub Max,2,259.7,519.4,Asia,
10359,2025-04-18,Home Appliances,,1,1.0,1.0,Europe,PayPal
10360,2024-10-05,Clothing,Calvin Klein Boxer Briefs,4,582.96,2331.84,North America,Credit Card
10361,2024-06-06,Beauty Products,,1,248.69,248.69,Europe,Credit Card
10362,2024-06-04,Clothing,,3,519.93,1559.79,Europe,
10363,2024-08-09,Home Appliances,,395,156.13,61671.35,North America,Credit Card
10364,2024-01-11,Home Appliances,,437,215.87,94335.19,North America,Debit Card
10365,2024-08-14,Books,,3,351.62,1054.86,Europe,
10366,2024-08-28,Books,,,302.35,1209.4,Europe,
10367,2024-07-29,Home Appliances,,4,1.0,4.0,Europe,Credit Card
10368,2024-01-19,Sports,,,525.44,525.44,North America,Credit Card
10369,2025-03-18,Home Appliances,,,58.84,58.84,North America,Credit Card
10370,2024-04-06,Sports,,,1.0,2.0,Europe,Cryptocurrency
10371,2024-04-14,Electronics,,2,318.13,636.26,Asia,Debit Card
10372,2024-03-03,Home Appliances,,,1.0,2.0,Asia,PayPal
10373,2024-01-08,Books,1984 by George Orwell,3.0x,973.53,2920.59,North America,Credit Card
10374,2024-11-27,Clothing,Clothing Advanced 833,1,1.0,1.0,North America,PayPal
10375,2024-09-04,Home Appliances,,2,1.0,2.0,Europe,PayPal
10376,2024-09-17,Electronics,,445,469.57,208958.65,Europe,
10377,2025-04-23,Electronics,,,96.08,40449.68,Asia,PayPal
10378,2024-12-03,Books,,3,1.0,3.0,Europe,Debit Card
10379,2025-01-25,Beauty Products,,1,309.29,309.29,North America,Credit Card
10380,2024-05-02,Beauty Products,,2,737.9,1475.8,North America,Debit Card
10381,2024-08-30,Home Appliances,,2,99.63,199.26,Asia,PayPal
10382,2024-03-18,Books,,1,445.02,445.02,Europe,Debit Card
10383,2024-02-21,Clothing,,1,1.0,1.0,North America,PayPal
10384,2024-07-28,Books,,1,211.32,211.32,Europe,PayPal
10385,2024-12-20,Sports,Peloton Bike,1,1.0,1.0,Asia,PayPal
10386,2024-07-13,Clothing,,2,334.48,668.96,Europe,PayPal
10387,2024-12-16,Sports,,100,105.33,10533.0,Asia,
10388,2024-02-21,Home Appliances,,3,4184.57,12553.71,North America,PayPal
10389,2024-05-30,Beauty Products,Neutrogena Hydro Boost Water Gel,1,87.15,87.15,Asia,Credit Card
10390,2025-02-09,Sports,Nike Metcon 6,495,639.75,316676.25,North America,Credit Card
10391,2024-09-11,Beauty Products,,1,1.0,1.0,Asia,PayPal
10392,2024-01-05,Books,,2,876.9,1753.8,North America,Credit Card
10393,2024-06-25,Home Appliances,,2,595.23,1190.46,Europe,PayPal
10394,2024-06-03,Sports,,,1.0,2.0,Europe,PayPal
10395,2024-07-02,Electronics,,474,1119.94,530851.56,Asia,PayPal
10396,2024-10-16,Electronics,,,1162.82,2325.64,Europe,PayPal
10397,2025-02-01,Sports,,3,244.93,734.79,North America,Cryptocurrency
10398,2025-01-04,Sports,,371,619.1,229686.1,North America,Debit Card
10399,2024-08-13,Sports,,5,508.68,2543.4,Europe,Credit Card
10400,2025-01-17,Clothing,,1,1.0,1.0,Europe,Debit Card
10401,2024-09-28,Clothing,H&M Slim Fit Jeans,3,1.0,3.0,Europe,Credit Card
10402,2024-09-03,Clothing,,1,72.0,81.57,Europe,Credit Card
10403,2024-02-08,Sports,On Running Cloud Shoes,3,1.0,2.83,Europe,Credit Card
10404,2025-03-09,Books,,1,3146.29,3146.29,,Cryptocurrency
10405,2024-08-20,Books,The Power of Now by Eckhart Tolle,1,1.0,1.0,Asia,
10406,2024-02-25,Sports,,337,347.79,117205.23,North America,Credit Card
10407,2024-11-27,Electronics,,5,1.0,5.0,North America,Mobile Payment
10408,2024-03-12,Clothing,,1,943.63,943.63,Europe,PayPal
10409,2024-03-10,Electronics,,,479.07,1437.21,Asia,
10410,2024-08-02,Home Appliances,,1,1.0,1.0,North America,Credit Card
10411,2024-11-11,Beauty Products,,,988.9,236347.1,Europe,
10412,2024-04-30,Home Appliances,,,1.0,3.0,North America,Credit Card
10413,2024-02-01,Beauty Products,,2,1.0,2.0,North America,Credit Card
10414,2024-02-16,Home Appliances,,3,427.18,1281.54,Asia,Credit Card
10415,2024-03-05,Beauty Products,,1,1.0,1.0,Asia,Credit Card
10416,2025-02-20,Electronics,,2,929.2,1858.4,Europe,Debit Card
10417,2024-03-15,Beauty Products,,1,507.43,507.43,Europe,
10418,2025-02-08,Clothing,,1,449.37,449.37,Europe,Credit Card
10419,2024-09-26,Books,,1,1.0,1.0,Asia,PayPal
10420,2024-02-25,Electronics,,2,4132.91,8265.82,Asia,Debit Card
10421,2025-03-19,Clothing,,,739.49,2218.47,North America,Credit Card
10422,2024-07-24,Books,Harry Potter and the Sorcerer's Stone,,540.4,540.4,North America,
10423,2024-11-07,Sports,,3,1.0,3.0,North America,Credit Card
10424,2024-06-15,Sports,,2,367.78,735.56,North America,PayPal
10425,2024-02-20,Books,,1,1.0,1.0,North America,
10426,2025-03-19,Sports,,2,393.63,787.26,Europe,
10427,2024-07-23,Home Appliances,,3,168.5,505.5,Europe,PayPal
10428,2024-03-19,Electronics,,475,700.98,332965.5,North America,PayPal
10429,2025-01-16,Electronics,,337,1.0,337.0,Europe,Credit Card
10430,2024-07-29,Clothing,,,1.0,2.0,Europe,PayPal
10431,2024-11-03,Books,,3,111.85,335.55,North America,Credit Card
10432,2024-04-24,Home Appliances,,2,1.0,2.0,Europe,PayPal
10433,2024-04-25,Clothing,,2,37.88,75.76,North America,PayPal
10434,2024-04-02,Clothing,,2,1.0,2.0,North America,Debit Card
10435,2024-03-14,Beauty Products,GlamGlow Supermud Clearing Treatment,,873.06,374542.74,Asia,Credit Card
10436,2024-04-20,Books,,4,1.0,4.0,Asia,
10437,2025-02-01,Sports,,,540.79,540.79,Europe,Credit Card
10438,2024-08-14,Books,The Road by Cormac McCarthy,2,333.13,666.26,Asia,
10439,2024-09-19,Beauty Products,,1,508.21,508.21,Europe,Credit Card
10440,2024-09-26,Sports,,,602.21,1204.42,North America,PayPal
10441,2024-04-18,Sports,,2,3988.06,7976.12,North America,
10442,2024-03-30,Home Appliances,,2,529.06,1058.12,Asia,Debit Card
10443,2025-02-16,Home Appliances,,1,1074.97,1074.97,North America,Credit Card
10444,2025-04-16,Beauty Products,,2,775.68,1551.36,North America,Credit Card
10445,2024-08-01,Books,,216,1.0,216.0,Asia,Credit Card
10446,2024-08-23,Books,Books Standard 190,2,452.97,905.94,North America,Credit Card
10447,2024-07-24,Sports,Garmin Forerunner 245,3,303.87,911.61,Asia,Cryptocurrency
10448,2025-02-02,Clothing,,1,794.36,794.36,Europe,PayPal
10449,2025-02-01,Sports,Hyperice Hypervolt Massager,1,1.0,1.0,Asia,Credit Card
10450,2024-11-04,Electronics,Bose QuietComfort 35 Headphones,1,1.0,1.0,North America,Credit Card
10451,2025-01-21,Electronics,,1,1.0,1.0,Asia,Credit Card
10452,2024-11-21,Sports,,3,191.78,575.34,Asia,
10453,2024-08-28,Books,,3,767.1,2301.3,Europe,
10454,2024-02-07,Home Appliances,,238,932.13,221846.94,North America,Credit Card
10455,2025-03-13,Beauty Products,,1,164.2,164.2,Asia,Debit Card
10456,2025-02-09,Sports,,4,38.57,154.28,Asia,Credit Card
10457,2024-11-05,Beauty Products,Anastasia Beverly Hills Brow Wiz,1,1.0,1.0,Europe,PayPal
10458,2025-03-04,Books,,,1.0,1.0,Asia,Gift Card
10459,2024-08-12,Sports,,2,749.03,1498.06,Europe,
10460,2024-06-22,Clothing,,1,547.25,547.25,Asia,PayPal
10461,2024-12-13,Electronics,Bose SoundLink Revolve+ Speaker,1,652.96,652.96,North America,Debit Card
10462,2025-03-23,Clothing,,1,1274.3,1274.3,Asia,Credit Card
10463,2024-12-01,Beauty Products,,,779.46,779.46,Europe,Credit Card
10464,2024-11-25,Sports,,,759.8,1519.6,Asia,
10465,2025-04-12,Beauty Products,,2,2235.46,4470.92,Asia,PayPal
10466,2024-04-19,Beauty Products,Glossier Cloud Paint,3,164.63,502.33,Europe,PayPal
10467,2024-05-31,Electronics,,2,534.21,1068.42,Europe,Credit Card
10468,2024-01-20,Home Appliances,,,318.46,636.92,Europe,
10469,2024-12-20,Books,,2,713.0,1426.0,North America,PayPal
10470,2024-05-01,Books,,2,29.99,59.98,Europe,Debit Card
10471,2024-06-07,Electronics,Electronics Advanced 955,2,429.98,859.96,North America,Credit Card
10472,2024-08-13,Beauty Products,,,293.5,587.0,Europe,PayPal
10473,2024-03-23,Electronics,,1,512.24,512.24,North America,Credit Card
10474,2024-10-10,Home Appliances,,132,10.59,1397.88,Europe,Mobile Payment
10475,2024-03-16,Beauty Products,,1,61.83,61.83,Asia,Credit Card
10476,2024-07-31,Clothing,Adidas Ultraboost Running Shoes,,612.27,1224.54,Asia,Credit Card
10477,2024-06-12,Electronics,,1,4669.58,4669.58,Asia,PayPal
10478,2024-08-29,Home Appliances,,3,193.8,581.4,Europe,
10479,2025-04-08,Clothing,,3,100.41,301.23,North America,Credit Card
10480,2024-11-07,Electronics,,1,619.22,619.22,Asia,PayPal
10481,2024-11-23,Sports,Sports Advanced 164,4,399.48,1597.92,Asia,Mobile Payment
10482,2024-01-09,Sports,,1,559.69,559.69,North America,Credit Card
10483,2024-11-10,Sports,,3,987.33,2961.99,Europe,Debit Card
10484,2024-02-04,Clothing,,,2547.53,2547.53,North America,PayPal
10485,2024-07-10,Electronics,,4,1.0,4.0,Asia,Credit Card
10486,2024-12-02,Clothing,,,773.01,1546.02,North America,Credit Card
10487,2025-02-20,Clothing,,5,1.0,5.0,North America,PayPal
10488,2024-03-10,Sports,Oakley Holbrook Sunglasses,,1797.88,275075.64,Asia,
10489,2024-01-22,Clothing,,1,15.93,15.93,Asia,Credit Card
10490,2024-05-09,Clothing,,4,827.87,3311.48,Europe,Credit Card
10491,2024-05-19,Home Appliances,,,1.0,3.0,Europe,Credit Card
10492,2024-07-16,Electronics,,,1.0,2.0,Europe,PayPal
10493,2024-09-22,Beauty Products,,1,24.48,24.48,North America,PayPal
10494,2025-02-25,Beauty Products,,1,262.0,262.0,Asia,Debit Card
10495,2024-06-05,Beauty Products,,1,1.0,1.0,Asia,Credit Card
10496,2025-01-07,Sports,,3,849.43,2548.29,Europe,PayPal
10497,2024-01-30,Books,,2,1.0,2.0,North America,Credit Card
10498,2024-01-16,Electronics,,2,618.0,1236.0,Asia,
10499,2024-11-26,Sports,,1,1613.75,1613.75,Asia,PayPal
10500,2024-08-18,Clothing,,1,931.0,931.0,,Cryptocurrency
10501,2024-07-22,Sports,,2,1.0,2.0,Asia,Credit Card
10502,2024-09-12,Electronics,Apple MacBook Pro 16-inch,2,244.06,454.0,Asia,PayPal
10503,2024-04-19,Beauty Products,,,926.41,926.41,Europe,Credit Card
10504,2024-08-19,Clothing,,2,638.79,1277.58,Europe,
10505,2024-06-12,Clothing,,,1.0,1.0,Europe,Debit Card
10506,2024-03-21,Home Appliances,,4,829.07,3316.28,Asia,Credit Card
10507,2025-02-09,Beauty Products,,333,375.45,125024.85,Europe,Credit Card
10508,2024-10-09,Sports,Peloton Bike,253,158.5,40100.5,Europe,PayPal
10509,2024-09-26,Clothing,,1,326.21,326.21,,Bank Transfer
10510,2024-11-24,Home Appliances,,1,734.91,734.91,Asia,
10511,2025-02-03,Sports,Fitbit Luxe,1,166.7,166.7,North America,Credit Card
10512,2025-04-11,Books,,3,1.0,3.0,Europe,Credit Card
10513,2024-12-29,Books,The Great Alone by Kristin Hannah,1,294.52,294.52,North America,Credit Card
10514,2024-11-21,Beauty Products,,,820.49,820.49,Asia,Debit Card
10515,2024-10-30,Books,,4,1.0,4.0,North America,Credit Card
10516,2025-03-07,Electronics,,2,667.07,1334.14,North America,Credit Card
10517,2025-01-29,Clothing,,2,107.52,215.04,Europe,Credit Card
10518,2024-09-11,Electronics,Electronics Premium 757,,748.11,1496.22,Europe,PayPal
10519,2024-12-16,Clothing,,80,337.91,27032.8,Asia,
10520,2024-08-25,Electronics,Bose QuietComfort 35 II Wireless Headphones,3,1.0,3.0,North America,PayPal
10521,2025-03-16,Sports,,2,4.23,8.46,Europe,Debit Card
10522,2024-06-12,Home Appliances,,3,645.11,1935.33,Asia,PayPal
10523,2024-07-15,Clothing,,2,602.66,1205.32,Europe,Credit Card
10524,2025-04-23,Sports,Yeti Roadie 24 Cooler,2,758.44,1516.88,North America,PayPal
10525,2024-08-27,Clothing,,,1.0,3.0,,Cryptocurrency
10526,2024-08-22,Electronics,,2,327.05,654.1,,Mobile Payment
10527,2025-03-27,Books,,2,313.3,626.6,Europe,
10528,2025-03-27,Beauty Products,,2,492.95,985.9,Asia,Credit Card
10529,2024-10-18,Beauty Products,,3,288.14,864.42,North America,
10530,2025-01-26,Clothing,,1,873.87,873.87,Europe,Credit Card
10531,2024-07-20,Home Appliances,,1,801.23,801.23,Europe,Credit Card
10532,2024-07-24,Electronics,,415,1059.75,439796.25,Europe,PayPal
10533,2024-08-21,Clothing,,,214.51,643.53,Europe,Credit Card
10534,2024-07-20,Clothing,Clothing Premium 707,,1.0,3.0,Europe,PayPal
10535,2024-12-28,Books,,1,$362.93-ERROR,362.93,Asia,Gift Card
10536,2024-08-01,Electronics,,2,680.51,1361.02,North America,
10537,2025-02-01,Electronics,,2,273.47,546.94,North America,
10538,2024-11-18,Home Appliances,,2,1.0,2.0,Asia,PayPal
10539,2024-12-24,Home Appliances,,1,886.8,886.8,North America,
10540,2024-04-14,Electronics,Sonos Beam Soundbar,,569.04,1707.12,North America,
10541,2024-04-16,Home Appliances,,,331.85,1327.4,North America,
10542,2025-04-12,Home Appliances,KitchenAid Stand Mixer,2,473.66,947.32,Asia,PayPal
10543,2024-11-25,Electronics,,2,414.38,828.76,Europe,Debit Card
10544,2024-06-01,Sports,,1,1.0,1.0,Europe,Credit Card
10545,2024-09-07,Sports,,1,606.35,606.35,North America,
10546,2024-05-27,Home Appliances,KitchenAid Stand Mixer,,772.23,772.23,Asia,Credit Card
10547,2025-01-30,Books,,,1.0,5.0,North America,
10548,2024-08-14,Sports,,1,227.92,227.92,North America,PayPal
10549,2024-10-14,Books,,1,185.9,185.9,Europe,PayPal
10550,2024-01-26,Clothing,,,665.15,665.15,Europe,PayPal
10551,2024-08-29,Beauty Products,Shiseido Ultimate Sun Protector,331,940.31,311242.61,Asia,
10552,2024-11-30,Electronics,,2,1053.9,2107.8,North America,Credit Card
10553,2024-05-26,Electronics,,1,49.13,49.13,Europe,Credit Card
10554,2025-03-11,Books,,2,1.0,2.0,Asia,PayPal
10555,2025-03-04,Books,,1,1.0,1.0,,Cryptocurrency
10556,2024-05-28,Books,,4,250.87,1003.48,Europe,
10557,2024-05-25,Books,,1,752.11,752.11,Europe,Credit Card
10558,2024-05-19,Clothing,,2,1.0,2.0,Europe,Debit Card
10559,2025-01-02,Sports,,3,54.39,163.17,North America,Cryptocurrency
10560,2024-03-30,Sports,,,834.63,834.63,Europe,Debit Card
10561,2024-04-04,Books,,1,2534.3,2534.3,Asia,Credit Card
10562,2024-08-16,Beauty Products,,2,540.49,1080.98,North America,Credit Card
10563,2024-07-03,Home Appliances,Ninja Professional Blender,3,1.0,3.0,Asia,PayPal
10564,2024-12-17,Home Appliances,,1,1.0,1.0,Europe,PayPal
10565,2024-07-07,Sports,,,391.6,391.6,Asia,Credit Card
10566,2024-11-06,Sports,,2,318.82,637.64,Europe,Debit Card
10567,2025-02-26,Sports,,2,527.79,1055.58,North America,Credit Card
10568,2024-09-26,Clothing,,338,446.61,150954.18,North America,
10569,2025-04-07,Clothing,,2,262.34,524.68,Asia,
10570,2024-08-14,Sports,,2,634.86,1269.72,Europe,PayPal
10571,2024-08-16,Home Appliances,,1,731.19,731.19,North America,Credit Card
10572,2025-02-17,Electronics,,,378.92,757.84,Asia,
10573,2024-10-23,Home Appliances,,2,1.0,2.0,North America,PayPal
10574,2025-04-23,Home Appliances,,,820.76,1641.52,Europe,PayPal
10575,2025-01-08,Electronics,,1,327.69,327.69,Asia,Credit Card
10576,2025-04-14,Beauty Products,,1,106.5,106.5,Asia,Credit Card
10577,2024-11-30,Books,,1,989.36,989.36,Europe,PayPal
10578,2025-03-03,Clothing,Nike Air Force 1,3,1.0,3.0,Europe,Credit Card
10579,2024-08-05,Beauty Products,,,613.73,613.73,North America,Credit Card
10580,2025-03-24,Clothing,,3,1.0,3.0,Europe,Credit Card
10581,2025-03-28,Electronics,,354,3391.14,1200463.56,North America,
10582,2024-12-26,Beauty Products,,274,404.65,110874.1,Asia,PayPal
10583,2025-03-18,Electronics,,1,1239.49,1239.49,Asia,Credit Card
10584,2024-10-21,Clothing,,1,1.0,1.0,Asia,PayPal
10585,2025-03-24,Clothing,,1,974.26,974.26,Asia,Debit Card
10586,2025-03-26,Sports,,1,672.21,672.21,Asia,Credit Card
10587,2024-11-25,Beauty Products,,1,688.23,688.23,Asia,Credit Card
10588,2025-01-21,Sports,,1,1210.12,1210.12,Europe,
10589,2025-02-16,Books,,1,1.0,1.0,Europe,
10590,2024-03-09,Beauty Products,,2,1101.04,2202.08,North America,Credit Card
10591,2025-03-09,Beauty Products,,,1.0,2.0,North America,Credit Card
10592,2024-12-10,Beauty Products,,3,1.0,3.25,North America,Credit Card
10593,2025-01-05,Books,,2,1.0,2.0,North America,Credit Card
10594,2025-04-10,Sports,,3,711.42,1918.74,Europe,
10595,2024-09-02,Home Appliances,,1,357.15,357.15,Asia,PayPal
10596,2024-07-13,Books,,1,1.0,1.0,Asia,PayPal
10597,2024-08-26,Books,,3,391.2,1173.6,Europe,Credit Card
10598,2024-06-09,Clothing,,2,776.66,1553.32,Asia,Credit Card
10599,2024-10-26,Clothing,,1,1.0,1.0,Europe,Gift Card
10600,2024-10-18,Home Appliances,,,117.52,117.52,Asia,PayPal
10601,2025-02-24,Home Appliances,,2,350.58,701.16,Asia,Debit Card
10602,2024-03-12,Home Appliances,,1,926.66,926.66,Asia,PayPal
10603,2024-01-31,Beauty Products,,1.0x,452.36,452.36,,Cryptocurrency
10604,2024-07-30,Sports,On Running Cloud Shoes,,3022.93,383912.11,North America,Credit Card
10605,2024-07-10,Electronics,,3,3128.85,9386.55,North America,PayPal
10606,2024-07-29,Sports,,2,416.3,832.6,Europe,
10607,2024-09-14,Home Appliances,,4,1014.28,4057.12,Asia,PayPal
10608,2024-09-25,Beauty Products,,2,176.94,353.88,North America,Credit Card
10609,2025-02-11,Beauty Products,,,789.52,789.52,North America,PayPal
10610,2024-12-22,Beauty Products,,1,1.0,1.0,Europe,Mobile Payment
10611,2024-02-17,Books,,2,585.69,1171.38,North America,PayPal
10612,2024-09-12,Electronics,,1,633.0,633.0,Asia,Credit Card
10613,2025-04-15,Home Appliances,,1,1.0,1.0,Asia,Cryptocurrency
10614,2024-05-18,Clothing,,4,17.49,69.96,Asia,PayPal
10615,2024-12-02,Clothing,,156,911.06,142125.36,North America,PayPal
10616,2024-12-30,Clothing,,,1.0,1.0,Europe,Credit Card
10617,2024-07-18,Books,,5,994.24,4971.2,Europe,
10618,2025-01-05,Books,,273,802.58,219104.34,Asia,
10619,2024-11-10,Home Appliances,,2,800.01,1600.02,North America,Credit Card
10620,2024-08-18,Clothing,,3,599.37,1798.11,Asia,
10621,2024-10-26,Clothing,,1,1.0,1.0,Europe,Credit Card
10622,2024-02-07,Home Appliances,,4,507.3,2029.2,Asia,
10623,2024-07-18,Books,,207,870.47,180187.29,Asia,
10624,2024-02-22,Clothing,Puma Suede Classic Sneakers,,29.27,29.27,Europe,PayPal
10625,2024-02-22,Home Appliances,,3,1.0,3.0,North America,Credit Card
10626,2025-03-18,Beauty Products,,,296.9,296.9,North America,Debit Card
10627,2024-10-13,Home Appliances,,1,680.0,598.6,Asia,Credit Card
10628,2024-05-17,Beauty Products,,1,1.0,1.0,North America,Credit Card
10629,2024-06-02,Beauty Products,,1,1.0,1.0,Asia,PayPal
10630,2024-09-10,Electronics,,1,697.85,697.85,Europe,Credit Card
10631,2025-03-06,Beauty Products,,2,288.58,577.16,North America,Credit Card
10632,2024-11-29,Home Appliances,,1,1.0,1.0,Asia,Credit Card
10633,2024-06-09,Home Appliances,,1,909.81,909.81,Asia,
10634,2024-09-08,Clothing,Clothing Lite 433,1,568.77,568.77,Europe,Debit Card
10635,2024-02-28,Electronics,,2,392.1,784.2,Europe,Debit Card
10636,2024-01-14,Electronics,,1,127.39,127.39,,Cryptocurrency
10637,2024-02-05,Home Appliances,,1,479.92,479.92,Europe,PayPal
10638,2024-12-03,Sports,,1,783.87,783.87,North America,Credit Card
10639,2024-09-02,Home Appliances,,2,43.33,86.66,Europe,PayPal
10640,2024-10-05,Electronics,,2,652.25,1304.5,North America,
10641,2025-04-13,Books,,2,1.0,2.0,Europe,Credit Card
10642,2024-01-23,Sports,,2,671.87,1343.74,Europe,
10643,2024-02-24,Books,,1,102.6,102.6,Europe,Debit Card
10644,2024-12-18,Clothing,,1,1.0,1.0,North America,Credit Card
10645,2024-12-19,Beauty Products,The Ordinary Hyaluronic Acid Serum,1,277.19,286.27,Asia,Debit Card
10646,2025-04-16,Sports,,1,1.0,1.0,Asia,Mobile Payment
10647,2024-08-21,Electronics,,2,38.58,77.16,Asia,PayPal
10648,2024-06-12,Clothing,,2,1.0,2.0,Asia,Credit Card
10649,2024-11-27,Beauty Products,,1,322.56,322.56,Asia,PayPal
10650,2024-10-09,Books,,1,621.05,542.76,Asia,
10651,2024-11-18,Electronics,,,636.47,1909.41,North America,
10652,2024-08-18,Sports,,,139.91,22245.69,North America,Debit Card
10653,2025-02-18,Books,,1,1.0,1.0,Europe,
10654,2024-08-22,Sports,,1,294.08,294.08,Asia,Credit Card
10655,2024-11-08,Sports,,4,776.99,3107.96,North America,
10656,2025-02-20,Clothing,Gap High Rise Skinny Jeans,4,699.04,2796.16,Asia,Debit Card
10657,2024-06-09,Electronics,,,694.23,3471.15,Asia,Credit Card
10658,2024-11-01,Sports,,2,849.51,1699.02,Asia,Credit Card
10659,2025-04-15,Clothing,,1,657.29,657.29,Europe,PayPal
10660,2024-08-18,Beauty Products,,3,1.0,3.0,Asia,Debit Card
10661,2024-07-15,Electronics,,1,111.83,111.83,Europe,Credit Card
10662,2024-09-07,Beauty Products,,439,612.42,247300.44,Europe,PayPal
10663,2024-05-27,Clothing,Uniqlo Airism Mesh Boxer Briefs,1,144.87,144.87,Asia,PayPal
10664,2024-09-18,Electronics,,3,1.0,3.0,Asia,Credit Card
10665,2024-10-04,Home Appliances,,3,63.73,191.19,Asia,Credit Card
10666,2024-02-22,Books,,,2051.26,4102.52,Asia,PayPal
10667,2025-03-17,Home Appliances,Home Appliances Advanced 986,,1.0,3.0,Asia,Debit Card
10668,2025-02-19,Beauty Products,Beauty Products Standard 981,2,712.95,1425.9,North America,
10669,2024-03-12,Beauty Products,,229,1.0,229.0,Europe,Credit Card
10670,2024-03-27,Sports,,2,1.0,2.0,Asia,Credit Card
10671,2025-04-05,Clothing,,3,93.84,281.52,Asia,Credit Card
10672,2024-01-31,Sports,Sports Plus 818,2,600.95,1201.9,North America,Bank Transfer
10673,2025-02-28,Beauty Products,,2,618.03,1236.06,North America,Debit Card
10674,2024-07-31,Electronics,Bose QuietComfort 35 Headphones,,757.81,757.81,Asia,
10675,2024-05-22,Electronics,,1,227.36,227.36,Europe,Credit Card
10676,2025-03-20,Home Appliances,Home Appliances Max 848,3,971.01,2913.03,Asia,Credit Card
10677,2025-03-11,Electronics,Canon EOS Rebel T7i DSLR Camera,,75.74,227.22,North America,PayPal
10678,2024-09-10,Sports,,2,$782.64-ERROR,1565.28,North America,
10679,2024-09-05,Books,,451,964.72,435088.72,North America,Credit Card
10680,2024-03-21,Sports,,3,498.87,1496.61,Asia,PayPal
10681,2025-04-10,Books,,1,1.0,1.0,Europe,Mobile Payment
10682,2024-12-01,Books,1984 by George Orwell,1,480.13,480.13,Europe,PayPal
10683,2024-07-21,Books,,1,606.71,606.71,Europe,Credit Card
10684,2024-02-09,Clothing,,,671.79,2015.37,Europe,PayPal
10685,2024-03-02,Sports,Sports Basic 810,4,546.13,2184.52,Europe,PayPal
10686,2025-01-09,Electronics,,1,1.0,1.0,Europe,Credit Card
10687,2025-02-20,Electronics,,1,1.0,1.0,North America,PayPal
10688,2024-01-05,Home Appliances,,2,1.0,2.0,North America,Credit Card
10689,2024-03-18,Home Appliances,Home Appliances Advanced 980,3,561.58,1684.74,Europe,
10690,2025-01-08,Home Appliances,,1,167.63,167.63,North America,PayPal
10691,2024-02-13,Electronics,,3,399.06,1197.18,Asia,PayPal
10692,2024-12-19,Beauty Products,,1,1.0,1.0,Europe,Credit Card
10693,2024-07-19,Sports,,1,615.22,615.22,North America,Debit Card
10694,2024-07-16,Sports,,4,76.23,304.92,North America,Credit Card
10695,2024-01-07,Books,,2,1.0,2.0,Europe,
10696,2024-10-06,Clothing,Levi's 511 Slim Fit Jeans,2,533.77,1067.54,North America,Credit Card
10697,2024-05-14,Beauty Products,,2,164.12,328.24,Asia,PayPal
10698,2024-12-30,Clothing,Under Armour Tech 2.0 T-Shirt,2,197.21,394.42,Europe,Debit Card
10699,2024-10-02,Books,,,234.77,21129.3,North America,Debit Card
10700,2025-02-17,Electronics,,3,1.0,3.0,North America,Credit Card
10701,2024-12-14,Home Appliances,,2,1386.5,2773.0,North America,Credit Card
10702,2024-01-30,Books,,1,833.04,833.04,Europe,PayPal
10703,2024-12-02,Books,,2,434.06,868.12,Europe,PayPal
10704,2024-06-26,Home Appliances,Vitamix Explorian Blender,3,1.0,3.0,Europe,Debit Card
10705,2024-05-17,Beauty Products,,1,1.0,1.0,Europe,Credit Card
10706,2024-09-25,Books,,3,929.68,2789.04,Europe,
10707,2024-03-26,Clothing,,3,1.0,3.0,North America,PayPal
10708,2024-02-29,Books,,489,1.0,489.0,Europe,Credit Card
10709,2024-08-29,Clothing,Calvin Klein Boxer Briefs,3,901.56,2704.68,Europe,
10710,2024-12-31,Home Appliances,,,225.06,225.06,Asia,Credit Card
10711,2024-05-18,Clothing,,2,191.48,382.96,Asia,Credit Card
10712,2025-02-15,Electronics,,1,316.65,316.65,North America,Credit Card
10713,2024-05-24,Beauty Products,,283,1802.68,510158.44,Europe,Credit Card
10714,2024-10-15,Sports,Sports Lite 575,1,582.98,582.98,Europe,Debit Card
10715,2025-02-01,Sports,,1,705.02,705.02,North America,Gift Card
10716,2024-04-29,Clothing,,1,3629.22,3629.22,Europe,Credit Card
10717,2025-03-10,Books,Books Premium 206,1,746.36,746.36,Asia,Credit Card
10718,2024-01-31,Home Appliances,,2,1925.89,3851.78,North America,Credit Card
10719,2025-03-08,Electronics,,1,1.0,1.0,Asia,PayPal
10720,2024-09-15,Clothing,,340,1.0,340.0,Europe,PayPal
10721,2024-03-07,Clothing,,2,314.46,628.92,Europe,
10722,2025-03-01,Home Appliances,,3,36.57,109.71,Europe,PayPal
10723,2025-02-03,Home Appliances,,2,350.58,701.16,Asia,Credit Card
10724,2024-03-02,Beauty Products,,4,351.97,1407.88,North America,
10725,2024-02-16,Sports,,1,917.96,917.96,North America,
10726,2024-06-16,Sports,,3,649.42,1948.26,Europe,Credit Card
10727,2025-02-23,Home Appliances,,2,511.15,1022.3,Europe,
10728,2024-02-18,Clothing,,,642.64,642.64,Asia,Credit Card
10729,2024-04-23,Beauty Products,,2,414.49,828.98,Asia,
10730,2024-10-25,Electronics,Bose QuietComfort 35 Headphones,83,995.29,82609.07,Asia,Credit Card
10731,2025-02-18,Sports,,1,962.07,962.07,Europe,PayPal
10732,2024-08-09,Sports,Sports Basic 608,399,714.65,285145.35,North America,
10733,2025-04-10,Beauty Products,,3,709.28,2127.84,North America,Credit Card
10734,2024-11-11,Clothing,Old Navy Relaxed-Fit T-Shirt,1,559.47,559.47,North America,Gift Card
10735,2024-02-14,Electronics,,1,722.46,722.46,North America,PayPal
10736,2024-05-07,Sports,Bose SoundLink Color Bluetooth Speaker II,1.0x,469.16,469.16,Asia,PayPal
10737,2024-07-02,Books,,2,264.02,528.04,Europe,Credit Card
10738,2024-05-18,Clothing,Forever 21 Graphic Tee,,4242.76,4242.76,Europe,Credit Card
10739,2024-05-23,Clothing,,,234.98,234.98,Asia,Credit Card
10740,2024-03-22,Sports,Garmin Fenix 6X Pro,1,1.0,1.0,North America,PayPal
10741,2024-01-29,Beauty Products,,2,159.43,318.86,North America,Credit Card
10742,2025-03-05,Home Appliances,,,1.0,1.92,Asia,Debit Card
10743,2024-07-02,Clothing,,1,69.56,69.56,Europe,Credit Card
10744,2024-10-15,Books,,2,616.31,1232.62,Asia,PayPal
10745,2024-04-22,Clothing,,364,858.47,312483.08,Europe,Credit Card
10746,2025-04-15,Sports,,350,555.46,194411.0,Europe,Credit Card
10747,2024-09-26,Books,Books Max 482,1,152.12,152.12,Asia,Credit Card
10748,2024-06-21,Beauty Products,,,453.47,906.94,Europe,PayPal
10749,2024-11-23,Electronics,,1,736.77,736.77,Europe,Credit Card
10750,2024-11-10,Electronics,,1,420.02,420.02,Asia,Credit Card
10751,2024-12-18,Electronics,,1,361.2,361.2,North America,PayPal
10752,2024-07-19,Electronics,Electronics Pro 286,3,1.0,3.0,North America,Credit Card
10753,2024-04-23,Clothing,,3,1.0,3.0,North America,Debit Card
10754,2024-05-01,Sports,,3,854.48,2563.44,,Bank Transfer
10755,2024-11-23,Electronics,,157,628.33,98647.81,Asia,PayPal
10756,2024-02-25,Clothing,,1,800.11,800.11,North America,Credit Card
10757,2024-07-30,Beauty Products,,3,318.64,955.92,Asia,Gift Card
10758,2025-02-07,Beauty Products,,2,510.04,1020.08,North America,Credit Card
10759,2024-05-13,Beauty Products,Beauty Products Max 450,1,296.42,296.42,Europe,Gift Card
10760,2024-10-07,Books,,,1.0,0.86,North America,
10761,2024-01-16,Clothing,Hanes ComfortSoft T-Shirt,3,665.55,1996.65,Asia,
10762,2024-04-07,Books,,,517.16,517.16,North America,
10763,2024-05-24,Books,Harry Potter and the Sorcerer's Stone,342,38.38,13125.96,North America,Credit Card
10764,2024-01-28,Books,The Hunger Games by Suzanne Collins,471,1.0,471.0,Europe,Credit Card
10765,2024-04-12,Beauty Products,,3,921.88,2765.64,North America,Debit Card
10766,2024-06-06,Home Appliances,,1,166.48,166.48,North America,PayPal
10767,2024-07-17,Home Appliances,Cuisinart Coffee Center,1,1.0,1.0,North America,Credit Card
10768,2024-08-26,Clothing,,1,107.08,107.08,Europe,PayPal
10769,2024-02-19,Electronics,,2,336.69,673.38,Europe,PayPal
10770,2024-04-26,Home Appliances,,3,544.82,1634.46,Europe,Bank Transfer
10771,2025-03-19,Electronics,Electronics Lite 587,1,437.15,437.15,North America,Credit Card
10772,2024-01-18,Home Appliances,Instant Pot Duo Nova,2,901.62,1803.24,Europe,
10773,2024-03-02,Electronics,,3,1.0,2.79,Asia,Debit Card
10774,2024-04-08,Electronics,Samsung Odyssey G7 Gaming Monitor,399,429.03,171182.97,Asia,
10775,2024-11-17,Clothing,,2,19.13,38.26,North America,Credit Card
10776,2024-02-04,Clothing,,1,113.6,113.6,North America,Gift Card
10777,2024-08-22,Sports,,4,514.33,2057.32,North America,Credit Card
10778,2024-02-27,Home Appliances,,2,75.27,150.54,Europe,Mobile Payment
10779,2024-02-21,Books,,1,210.79,210.79,Europe,Credit Card
10780,2024-07-29,Beauty Products,,1,1.0,1.0,Asia,Credit Card
10781,2024-07-25,Clothing,,1,330.86,330.86,North America,Credit Card
10782,2025-03-26,Electronics,,,620.82,181900.26,Europe,Credit Card
10783,2024-01-11,Electronics,,,605.64,1211.28,North America,PayPal
10784,2024-12-16,Beauty Products,Sunday Riley Good Genes,1,82.89,82.89,Asia,Credit Card
10785,2025-02-26,Books,The Art of War by Sun Tzu,1,35.26,35.26,North America,Credit Card
10786,2025-04-12,Home Appliances,,1,895.75,895.75,Asia,Credit Card
10787,2024-02-03,Sports,,2,304.27,608.54,North America,
10788,2024-10-18,Books,,2,516.54,1033.08,North America,PayPal
10789,2024-01-26,Sports,Sports Lite 380,2,34.1,68.2,Asia,Gift Card
10790,2025-04-17,Sports,,,291.9,583.8,Asia,Credit Card
10791,2025-03-21,Clothing,,1,545.92,545.92,Europe,PayPal
10792,2025-01-18,Electronics,,75,991.94,74395.5,Europe,Credit Card
10793,2024-04-19,Electronics,,2,620.2,1240.4,North America,PayPal
10794,2025-03-18,Home Appliances,Home Appliances Pro 585,1,615.31,615.31,Asia,
10795,2024-01-05,Clothing,Adidas Originals Trefoil Hoodie,1,180.64,180.64,Europe,Credit Card
10796,2024-11-25,Home Appliances,,1,555.99,555.99,Asia,Credit Card
10797,2024-06-03,Beauty Products,Sunday Riley Luna Sleeping Night Oil,1,1.0,1.0,Asia,Debit Card
10798,2024-12-05,Sports,Sports Standard 674,,1.0,1.0,Asia,Credit Card
10799,2024-02-25,Books,,3,663.0,2072.54,North America,Credit Card
10800,2024-05-13,Sports,YETI Hopper Flip Portable Cooler,,289.8,289.8,North America,Credit Card
10801,2024-01-30,Electronics,,1,748.69,748.69,North America,Debit Card
10802,2024-05-31,Home Appliances,,,487.37,974.74,Europe,PayPal
10803,2024-10-19,Books,,1,482.28,482.28,Europe,Debit Card
10804,2024-08-31,Sports,,1,679.47,679.47,Asia,PayPal
10805,2024-10-12,Clothing,,2,1.0,2.0,North America,Credit Card
10806,2024-10-13,Sports,Sports Plus 796,1,369.11,369.11,Asia,Debit Card
10807,2024-04-24,Home Appliances,,3,554.44,1663.32,Europe,Credit Card
10808,2024-05-30,Sports,,1,420.95,420.95,Europe,Credit Card
10809,2024-11-13,Electronics,,3,1.0,3.0,North America,Bank Transfer
10810,2024-06-01,Home Appliances,,1,1.0,1.0,North America,Credit Card
10811,2024-10-18,Beauty Products,,3,588.78,1766.34,Asia,Credit Card
10812,2024-09-06,Home Appliances,,3,1.0,3.0,Asia,Credit Card
10813,2024-04-17,Clothing,Clothing Plus 690,4,1.0,4.0,Europe,Credit Card
10814,2024-02-15,Books,,1,295.31,295.31,Asia,PayPal
10815,2024-07-15,Sports,Bose SoundLink Color Bluetooth Speaker II,1,661.11,661.11,Asia,PayPal
10816,2025-03-02,Electronics,,3,1211.63,3634.89,Europe,Debit Card
10817,2024-12-21,Beauty Products,,6,701.03,4206.18,Europe,Debit Card
10818,2024-02-03,Beauty Products,,3,522.37,1567.11,North America,Debit Card
10819,2024-08-10,Home Appliances,,2,1.0,2.0,Asia,Debit Card
10820,2024-03-25,Beauty Products,,1,867.04,926.64,Asia,PayPal
10821,2024-10-28,Sports,,1,938.27,938.27,North America,Mobile Payment
10822,2024-05-10,Beauty Products,,2,110.15,220.3,Asia,Credit Card
10823,2024-01-11,Beauty Products,Clinique Moisture Surge,2,210.5,421.0,North America,PayPal
10824,2024-08-30,Beauty Products,Beauty Products Lite 811,2,2683.49,5366.98,,Bank Transfer
10825,2024-02-21,Electronics,Canon EOS R5 Camera,,371.74,1486.96,Asia,
10826,2025-04-05,Beauty Products,,1,599.32,599.32,North America,Debit Card
10827,2024-04-12,Electronics,Electronics Lite 466,,748.18,2244.54,North America,
10828,2024-04-16,Sports,,3,3686.53,11059.59,North America,
10829,2025-04-09,Books,The Road by Cormac McCarthy,2.0x,100.87,201.74,North America,Credit Card
10830,2025-01-05,Clothing,,1,1.0,1.0,Asia,Credit Card
10831,2024-08-25,Electronics,Samsung QLED 4K TV,3,52.41,157.23,Europe,PayPal
10832,2024-12-12,Home Appliances,,438,569.2,249309.6,North America,Credit Card
10833,2024-11-27,Sports,,3,879.43,2638.29,Europe,Credit Card
10834,2025-01-10,Clothing,,3,11.56,34.68,North America,Credit Card
10835,2024-05-19,Clothing,,2,1.0,2.0,Asia,Credit Card
10836,2024-03-08,Clothing,,2,955.61,1911.22,Asia,PayPal
10837,2024-09-04,Clothing,,1,1.0,1.0,North America,Credit Card
10838,2025-03-17,Clothing,Ray-Ban Aviator Sunglasses,1,1.0,1.0,,Bank Transfer
10839,2024-08-13,Books,,,4473.33,8946.66,North America,
10840,2024-09-25,Books,,2,1.0,2.0,North America,
10841,2024-11-12,Home Appliances,,3,747.4,2242.2,Europe,Credit Card
10842,2024-03-17,Home Appliances,,,673.43,2020.29,Asia,Credit Card
10843,2025-03-12,Electronics,,301,471.19,141828.19,Asia,PayPal
10844,2024-05-22,Sports,,2,1.0,2.0,Asia,PayPal
10845,2024-02-10,Clothing,,,79.25,158.5,North America,Credit Card
10846,2024-03-01,Sports,,,3196.4,9589.2,North America,PayPal
10847,2025-02-26,Sports,,1,1.0,1.0,Asia,Debit Card
10848,2024-10-14,Clothing,Uniqlo Airism Mesh Boxer Briefs,1,611.46,611.46,North America,Credit Card
10849,2024-08-20,Beauty Products,,2,199.14,398.28,Europe,PayPal
10850,2024-08-19,Home Appliances,LG OLED TV,231,20.39,4710.09,North America,
10851,2024-05-29,Beauty Products,,2,1656.62,3313.24,North America,Credit Card
10852,2024-03-12,Home Appliances,Home Appliances Basic 209,1,926.1,926.1,North America,
10853,2024-04-20,Beauty Products,Glossier Boy Brow,,929.94,868.0,North America,
10854,2025-04-19,Sports,,,498.26,1494.78,Asia,PayPal
10855,2024-10-28,Home Appliances,,426,4741.23,2019763.98,Europe,PayPal
10856,2025-03-05,Beauty Products,,2,1.0,2.0,Europe,Debit Card
10857,2024-03-29,Books,,2,1.0,2.0,Europe,Debit Card
10858,2024-09-15,Books,,2,1.0,2.0,Europe,
10859,2024-06-24,Beauty Products,Beauty Products Advanced 924,4,1.0,4.0,Europe,Debit Card
10860,2025-01-18,Electronics,,1,118.59,118.59,Europe,Credit Card
10861,2024-11-19,Home Appliances,,3,1.0,3.0,Europe,Debit Card
10862,2024-12-10,Electronics,,2,142.82,297.27,Europe,Credit Card
10863,2024-02-29,Electronics,,4,587.66,2350.64,Asia,Debit Card
10864,2025-01-17,Beauty Products,Beauty Products Premium 998,1.0x,94.12,94.12,North America,Credit Card
10865,2024-01-13,Books,,1,1.0,1.0,Europe,Debit Card
10866,2024-03-23,Beauty Products,,2,472.11,944.22,Asia,Credit Card
10867,2025-01-20,Clothing,,1,493.01,493.01,Asia,Credit Card
10868,2025-01-13,Clothing,,2,264.36,528.72,North America,Debit Card
10869,2025-02-05,Beauty Products,Beauty Products Premium 809,,311.47,1868.82,Asia,Credit Card
10870,2025-02-07,Books,,430,141.63,60900.9,North America,PayPal
10871,2025-02-03,Home Appliances,,1,555.82,555.82,North America,Credit Card
10872,2024-07-07,Electronics,,3,749.02,2247.06,Europe,Credit Card
10873,2024-12-15,Electronics,,1,639.56,639.56,Europe,
10874,2024-05-15,Home Appliances,,2,2865.33,5730.66,Europe,PayPal
10875,2024-03-20,Home Appliances,,1,1.0,1.0,North America,Credit Card
10876,2025-03-07,Sports,,3,853.84,2561.52,Europe,Credit Card
10877,2024-09-26,Books,The Great Gatsby by F. Scott Fitzgerald,4,537.27,2149.08,North America,
10878,2024-10-05,Clothing,Under Armour HeatGear T-Shirt,3,329.9,989.7,Europe,Credit Card
10879,2024-06-18,Books,,,$1.0-ERROR,3.0,North America,PayPal
10880,2024-10-14,Home Appliances,,1,605.05,552.32,North America,
10881,2024-11-10,Clothing,Clothing Lite 140,,169.49,169.49,Europe,PayPal
10882,2024-02-28,Beauty Products,,,3067.47,3067.47,North America,
10883,2025-01-29,Beauty Products,Tom Ford Black Orchid Perfume,3,4593.13,13779.39,Asia,Debit Card
10884,2024-04-08,Clothing,,2,659.99,1319.98,Europe,Credit Card
10885,2024-10-02,Sports,,,244.97,244.97,North America,Credit Card
10886,2024-12-16,Beauty Products,Estee Lauder Advanced Night Repair,3,218.01,654.03,North America,Debit Card
10887,2025-01-14,Clothing,,2,3867.47,7734.94,,
10888,2024-01-20,Electronics,,1,910.81,910.81,Europe,Debit Card
10889,2025-04-11,Clothing,,2,1.0,2.0,Europe,Credit Card
10890,2024-07-18,Electronics,,418,58.83,24590.94,Europe,PayPal
10891,2024-10-26,Beauty Products,MAC Ruby Woo Lipstick,3,652.1,1956.3,North America,Credit Card
10892,2024-12-17,Books,,1,68.12,68.12,Asia,Mobile Payment
10893,2025-02-24,Books,,4,248.99,995.96,Asia,Debit Card
10894,2025-02-11,Books,,2,1.0,2.0,Europe,
10895,2025-02-11,Home Appliances,,2,502.51,1005.02,Asia,Debit Card
10896,2024-11-01,Beauty Products,,2,966.44,1932.88,Asia,PayPal
10897,2025-04-07,Books,,3,592.0,1776.0,North America,PayPal
10898,2024-11-11,Beauty Products,,1,1.0,1.0,North America,Credit Card
10899,2025-03-11,Home Appliances,,3,549.1,1647.3,Europe,Credit Card
10900,2025-01-06,Electronics,Sony PlayStation 5,1,1.0,1.0,Asia,PayPal
10901,2024-05-25,Beauty Products,,4,634.32,2537.28,North America,Debit Card
10902,2024-06-05,Books,,1,1.0,1.0,North America,
10903,2024-08-07,Home Appliances,,1,1.0,1.0,Europe,Debit Card
10904,2024-08-11,Beauty Products,,2,1.0,2.0,North America,PayPal
10905,2024-08-24,Clothing,,2,1.0,2.0,North America,Credit Card
10906,2024-02-11,Sports,,2,433.83,867.66,North America,
10907,2025-01-07,Home Appliances,,,524.44,524.44,Asia,Debit Card
10908,2024-10-23,Sports,,1,2042.47,2042.47,North America,PayPal
10909,2025-04-02,Electronics,Electronics Advanced 769,3,6.2,18.6,Asia,Debit Card
10910,2025-01-30,Sports,Fitbit Versa 3,1,681.93,681.93,North America,Credit Card
10911,2024-01-06,Beauty Products,,1,579.61,579.61,Europe,Credit Card
10912,2024-10-16,Books,Books Plus 853,2,880.74,1761.48,Asia,Credit Card
10913,2024-04-28,Sports,,3,743.79,2231.37,Europe,Debit Card
10914,2025-02-09,Books,,4,824.26,3297.04,,Cryptocurrency
10915,2024-02-22,Beauty Products,,4,25.05,100.2,Europe,Credit Card
10916,2024-07-11,Books,,2,625.79,1251.58,North America,Cryptocurrency
10917,2025-04-09,Sports,,,763.99,763.99,Asia,PayPal
10918,2024-09-03,Electronics,,2,1193.8,2387.6,Asia,Credit Card
10919,2024-09-20,Sports,Spalding NBA Street Basketball,1,284.27,284.27,Asia,PayPal
10920,2025-02-22,Books,The Catcher in the Rye by J.D. Salinger,1,837.61,837.61,North America,Credit Card
10921,2024-09-02,Books,,1,231.31,231.31,Asia,Credit Card
10922,2024-03-06,Beauty Products,,1,383.41,383.41,North America,Mobile Payment
10923,2024-03-16,Books,,3,285.54,856.62,Asia,Gift Card
10924,2024-10-15,Books,,1,1.0,1.0,North America,PayPal
10925,2024-08-29,Home Appliances,Home Appliances Plus 324,2,565.04,1130.08,Europe,Credit Card
10926,2025-02-24,Electronics,,2,160.63,321.26,North America,PayPal
10927,2024-10-29,Sports,,2,626.88,1282.85,North America,Debit Card
10928,2025-03-16,Sports,,2,1.0,2.0,North America,Debit Card
10929,2024-11-10,Sports,Bose SoundLink Color Bluetooth Speaker II,,315.79,631.58,Europe,Debit Card
10930,2024-03-07,Electronics,,,270.22,246.79,Asia,Debit Card
10931,2025-03-23,Sports,,1,207.36,207.36,North America,Credit Card
10932,2025-01-28,Clothing,,1,66.78,66.78,North America,Credit Card
10933,2024-10-21,Sports,,1,84.92,84.92,Asia,Credit Card
10934,2024-02-12,Home Appliances,KitchenAid Stand Mixer,1,85.26,85.26,North America,Credit Card
10935,2025-02-08,Beauty Products,,1,3618.18,3618.18,Europe,Debit Card
10936,2024-12-18,Electronics,,2,341.09,682.18,North America,PayPal
10937,2024-05-13,Beauty Products,,,337.92,337.92,Europe,Credit Card
10938,2025-01-21,Books,,1,29.92,29.92,North America,Credit Card
10939,2024-10-11,Home Appliances,,1,1.0,1.0,Asia,PayPal
10940,2024-03-11,Beauty Products,,1,443.42,443.42,North America,PayPal
10941,2024-02-21,Sports,,2,1.0,2.0,Europe,PayPal
10942,2024-12-16,Clothing,,1,1364.35,1364.35,Europe,Debit Card
10943,2024-03-15,Clothing,,1,641.94,641.94,North America,Credit Card
10944,2024-02-10,Beauty Products,Laneige Water Sleeping Mask,1,107.63,107.63,Asia,Credit Card
10945,2024-05-26,Books,,,1223.84,1223.84,Europe,Credit Card
10946,2024-04-13,Books,,356,705.18,251044.08,North America,PayPal
10947,2024-11-10,Home Appliances,,1,1.0,1.0,North America,Debit Card
10948,2024-02-14,Home Appliances,,1,1.0,1.0,Europe,Debit Card
10949,2024-01-08,Clothing,,2,239.01,478.02,Asia,Debit Card
10950,2024-10-25,Home Appliances,,1,1.0,1.0,North America,Debit Card
10951,2024-07-25,Home Appliances,,3,363.59,1090.77,Europe,
10952,2024-09-14,Electronics,,2,1.0,2.0,North America,PayPal
10953,2025-02-20,Sports,Sports Premium 810,1,1.87,1.87,Asia,PayPal
10954,2024-05-04,Clothing,,1,558.13,558.13,Asia,Credit Card
10955,2024-02-04,Clothing,,4,1.0,4.0,,Mobile Payment
10956,2024-06-29,Clothing,,1,353.59,353.59,North America,Credit Card
10957,2024-07-23,Clothing,,141,1224.1,172598.1,Asia,PayPal
10958,2025-04-02,Books,,2,1.0,2.0,Asia,Credit Card
10959,2024-09-12,Electronics,Electronics Lite 853,4,1.0,4.0,North America,PayPal
10960,2025-03-03,Electronics,,,1.0,1.0,North America,Credit Card
10961,2024-12-12,Beauty Products,Beauty Products Advanced 728,,741.15,361681.2,Europe,
10962,2024-11-13,Electronics,,3,40.69,122.07,Asia,PayPal
10963,2025-04-13,Sports,,3,899.63,2698.89,Europe,Credit Card
10964,2024-09-01,Electronics,Electronics Pro 614,2,$911.1-ERROR,1822.2,Asia,Credit Card
10965,2024-08-22,Clothing,,2,1843.01,3686.02,North America,PayPal
10966,2024-10-24,Beauty Products,,2,609.65,1142.26,Asia,Debit Card
10967,2024-05-01,Beauty Products,,1,1.0,1.0,Asia,Credit Card
10968,2024-08-02,Beauty Products,Beauty Products Standard 473,1,612.61,612.61,Asia,Credit Card
10969,2024-03-08,Clothing,Clothing Lite 933,188,821.55,154451.4,North America,Credit Card
10970,2025-03-14,Home Appliances,,,36.06,108.18,Asia,Credit Card
10971,2024-01-05,Clothing,Nike Dri-FIT Training Shorts,1,317.26,317.26,Asia,Credit Card
10972,2024-09-30,Books,Books Advanced 407,1,549.49,549.49,Europe,PayPal
10973,2024-03-24,Beauty Products,,1,607.95,607.95,Asia,PayPal
10974,2024-06-20,Electronics,,,1.0,2.0,Europe,Debit Card
10975,2024-01-11,Sports,,4,167.66,670.64,Asia,Credit Card
10976,2024-10-21,Home Appliances,,2,9.23,18.46,Europe,Debit Card
10977,2024-12-10,Electronics,,1,453.07,453.07,North America,PayPal
10978,2024-11-19,Home Appliances,,4,1.0,4.0,North America,Credit Card
10979,2024-10-19,Books,,225,924.35,207978.75,Asia,
10980,2024-05-29,Beauty Products,Beauty Products Basic 377,,322.2,644.4,Asia,PayPal
10981,2025-01-17,Books,,,863.89,863.89,North America,Credit Card
10982,2024-12-04,Beauty Products,,3,$968.4-ERROR,2905.2,Asia,
10983,2024-08-30,Books,,1,29.21,29.21,Asia,Credit Card
10984,2024-02-23,Electronics,,249,1005.8,250444.2,North America,PayPal
10985,2024-05-25,Books,,2,831.77,1663.54,North America,Credit Card
10986,2025-03-16,Books,,,4.24,8.48,Asia,Cryptocurrency
10987,2024-08-15,Home Appliances,,2,429.93,859.86,Europe,Credit Card
10988,2024-11-21,Electronics,,1,1165.25,1165.25,North America,PayPal
10989,2024-09-03,Home Appliances,,1,678.15,678.15,Asia,
10990,2024-06-04,Clothing,Gap 1969 Original Fit Jeans,,1.0,1.0,Asia,Credit Card
10991,2024-08-28,Home Appliances,Anova Precision Cooker,2,715.22,1430.44,Europe,Debit Card
10992,2024-05-29,Home Appliances,,1,751.84,751.84,Asia,Credit Card
10993,2024-08-11,Clothing,,1,365.52,365.52,North America,Debit Card
10994,2024-04-22,Beauty Products,,1,17.46,17.46,Europe,Credit Card
10995,2024-11-09,Electronics,,2,423.55,847.1,Europe,PayPal
10996,2024-04-06,Electronics,,2,1.0,2.0,Europe,Debit Card
10997,2024-05-19,Books,Books Advanced 292,1,1.0,1.0,Europe,
10998,2024-01-12,Sports,,1,466.4,466.4,Europe,Credit Card
10999,2024-01-05,Electronics,,161,868.75,139868.75,Europe,Credit Card
11000,2025-02-13,Beauty Products,,1,324.17,324.17,Europe,Credit Card
11001,2025-03-07,Electronics,Electronics Plus 157,1,229.09,229.09,Asia,PayPal
11002,2024-04-02,Home Appliances,,4,884.07,3536.28,Asia,Credit Card
11003,2024-05-07,Sports,,2,872.19,1744.38,Europe,PayPal
11004,2025-01-11,Books,,4,1.0,4.0,Asia,Debit Card
11005,2024-03-22,Electronics,,4,740.61,2962.44,Asia,
11006,2024-06-01,Sports,,1,816.45,816.45,Asia,Credit Card
11007,2024-06-15,Sports,,1,1292.96,1292.96,North America,PayPal
11008,2024-01-22,Home Appliances,,1,195.83,195.83,Asia,Credit Card
11009,2024-05-07,Beauty Products,,,814.72,1629.44,,Cryptocurrency
11010,2025-01-23,Electronics,,1,1062.96,1062.96,Asia,Credit Card
11011,2024-02-24,Sports,On Running Cloud Shoes,3,474.14,1422.42,North America,Credit Card
11012,2024-06-26,Books,,1,1.0,1.0,North America,
11013,2024-03-09,Beauty Products,,1,1.0,1.0,North America,PayPal
11014,2024-12-22,Books,,1,1.0,1.0,North America,
11015,2025-03-20,Sports,,1,123.21,123.21,Asia,Debit Card
11016,2024-10-04,Clothing,Levi's 501 Jeans,1,1.0,1.0,North America,PayPal
11017,2025-03-28,Electronics,,3,64.0,192.0,North America,PayPal
11018,2024-12-03,Clothing,,3,206.86,620.58,North America,PayPal
11019,2024-11-09,Home Appliances,,2,132.58,265.16,Europe,Credit Card
11020,2024-02-04,Clothing,,3,1428.22,4284.66,Asia,
11021,2024-04-08,Home Appliances,,2,1.0,2.0,Asia,Credit Card
11022,2024-11-15,Clothing,Clothing Premium 150,3,965.11,2895.33,North America,Credit Card
11023,2024-04-16,Beauty Products,,1,231.7,231.7,Europe,Credit Card
11024,2025-01-15,Clothing,,,1.0,1.0,Europe,Debit Card
11025,2024-05-16,Beauty Products,,2,162.55,325.1,North America,Credit Card
11026,2024-09-22,Clothing,,1,21.67,21.67,North America,Credit Card
11027,2024-05-07,Beauty Products,,2,461.94,923.88,North America,Debit Card
11028,2025-01-27,Sports,,1,1.0,1.0,Europe,Credit Card
11029,2024-02-23,Beauty Products,Drunk Elephant C-Firma Day Serum,,458.21,458.21,Asia,Credit Card
11030,2024-09-30,Electronics,Electronics Advanced 460,3,19.54,58.62,Asia,Credit Card
11031,2025-03-08,Electronics,,3,614.5,1843.5,Europe,Debit Card
11032,2024-10-06,Home Appliances,iRobot Braava Jet M6,,1216.24,3648.72,Europe,Credit Card
11033,2024-08-17,Home Appliances,,195,1.0,195.0,Europe,Debit Card
11034,2025-03-31,Home Appliances,,2,419.1,838.2,Asia,PayPal
11035,2025-01-30,Beauty Products,Beauty Products Premium 666,3,1.0,3.0,North America,Debit Card
11036,2024-02-18,Electronics,Microsoft Surface Laptop 4,3,548.37,1645.11,North America,
11037,2024-05-07,Books,,254,768.02,195077.08,Europe,Credit Card
11038,2024-02-09,Home Appliances,,3,1.0,3.0,Asia,Credit Card
11039,2025-02-23,Books,,3,527.96,1583.88,Asia,Credit Card
11040,2025-01-29,Electronics,,2,1.0,2.0,Asia,Credit Card
11041,2024-04-26,Beauty Products,,1,1.0,1.0,Asia,Credit Card
11042,2024-01-22,Clothing,,1,1009.97,1009.97,Europe,Credit Card
11043,2024-01-26,Home Appliances,Ninja Foodi Pressure Cooker,2,269.53,539.06,North America,Debit Card
11044,2024-02-16,Books,,2,1302.74,2605.48,North America,
11045,2024-08-31,Books,,,1.0,2.0,Europe,Credit Card
11046,2024-08-10,Beauty Products,,,1.0,2.0,Asia,Debit Card
11047,2024-11-29,Beauty Products,L'Occitane Shea Butter Hand Cream,,734.85,2204.55,Asia,Credit Card
11048,2024-02-06,Electronics,,1,$835.87-ERROR,921.84,Europe,
11049,2024-08-04,Books,,1,652.41,652.41,North America,PayPal
11050,2024-06-28,Home Appliances,,3,1070.04,3210.12,Europe,Credit Card
11051,2024-04-29,Electronics,Samsung Odyssey G9 Gaming Monitor,,869.79,869.79,Europe,
11052,2024-05-04,Beauty Products,,2,1.0,2.0,North America,Credit Card
11053,2025-02-15,Books,,3,332.2,996.6,North America,PayPal
11054,2024-04-18,Clothing,Gap 1969 Original Fit Jeans,5,1.0,5.0,North America,Credit Card
11055,2024-03-13,Home Appliances,Blueair Classic 480i,4,222.86,859.2,Europe,
11056,2024-05-10,Sports,,,832.06,1664.12,North America,Credit Card
11057,2024-08-26,Clothing,Levi's 501 Jeans,388,334.28,129700.64,Asia,PayPal
11058,2024-12-03,Home Appliances,,494,381.79,188604.26,North America,PayPal
11059,2024-07-13,Beauty Products,,1,681.18,681.18,Asia,PayPal
11060,2024-02-15,Beauty Products,Tom Ford Black Orchid Perfume,3,1.0,3.0,North America,Credit Card
11061,2024-01-21,Clothing,Gap 1969 Original Fit Jeans,,638.0,1276.0,North America,Credit Card
11062,2024-01-10,Sports,,2,260.53,521.06,Europe,PayPal
11063,2024-09-13,Electronics,,1,861.55,861.55,North America,PayPal
11064,2025-02-21,Beauty Products,,,235.36,1176.8,Asia,Credit Card
11065,2024-02-14,Home Appliances,,1,595.55,595.55,Asia,
11066,2025-04-10,Beauty Products,,2,770.68,1541.36,Europe,PayPal
11067,2025-02-13,Clothing,,2,1.0,2.0,Europe,Credit Card
11068,2024-03-10,Sports,,1,811.89,811.89,Asia,
11069,2024-02-04,Beauty Products,,1,514.74,514.74,Asia,Credit Card
11070,2024-06-12,Electronics,Electronics Basic 521,1,538.53,538.53,Europe,Credit Card
11071,2024-11-22,Clothing,,,1.0,2.0,,Cryptocurrency
11072,2025-01-25,Clothing,,2,1.0,2.0,North America,Debit Card
11073,2024-12-17,Clothing,,,869.14,869.14,Europe,PayPal
11074,2024-11-05,Electronics,,1,526.58,526.58,North America,
11075,2024-03-24,Books,,2,1.0,2.0,Europe,Credit Card
11076,2024-07-30,Clothing,,4,406.4,1625.6,North America,Credit Card
11077,2024-08-12,Books,,1,498.59,498.59,Europe,Credit Card
11078,2024-07-26,Beauty Products,,,1.0,2.0,Europe,Debit Card
11079,2024-10-31,Clothing,,2,1.0,2.0,North America,Credit Card
11080,2024-01-22,Books,,1,693.7,693.7,North America,Debit Card
11081,2025-01-26,Beauty Products,,,372.59,1117.77,North America,PayPal
11082,2025-01-31,Books,,2,758.48,1516.96,North America,Debit Card
11083,2024-03-13,Electronics,,306,599.28,183379.68,Asia,
11084,2025-04-02,Home Appliances,,2,726.84,1453.68,Europe,Debit Card
11085,2025-04-04,Beauty Products,,215,1.0,215.0,Europe,Debit Card
11086,2025-02-11,Sports,,411,1.0,411.0,Europe,PayPal
11087,2024-09-25,Clothing,Clothing Plus 487,1,1683.54,1683.54,North America,
11088,2024-06-20,Sports,Hyperice Hypervolt Massager,1,55.14,55.14,Europe,Credit Card
11089,2024-01-27,Beauty Products,,2,755.32,1510.64,Europe,Debit Card
11090,2024-04-02,Books,,,4061.58,8123.16,Asia,PayPal
11091,2024-01-07,Clothing,,3,4530.81,13592.43,Asia,
11092,2024-05-01,Books,,2,1.0,2.0,Europe,Credit Card
11093,2024-01-04,Electronics,,4,592.6,2370.4,Europe,Credit Card
11094,2024-04-16,Books,Educated by Tara Westover,228,4415.32,1006692.96,North America,Credit Card
11095,2024-12-07,Electronics,Bose QuietComfort 35 II Wireless Headphones,1,708.48,708.48,Europe,Credit Card
11096,2024-04-01,Clothing,,1,1.0,1.0,Europe,Debit Card
11097,2025-02-07,Electronics,,4,884.26,3537.04,Europe,Credit Card
11098,2024-06-14,Electronics,,4,1169.38,4677.52,Asia,PayPal
11099,2024-02-03,Sports,Titleist Pro V1 Golf Balls,4,539.8,2159.2,North America,Gift Card
11100,2024-07-30,Sports,Spalding NBA Street Basketball,1,189.77,189.77,North America,Credit Card
10253,2024-12-01,Clothing,,3,1.0,3.0,Europe,Credit Card
10390,2025-02-09,Sports,Nike Metcon 6,495,639.75,316676.25,North America,Credit Card
10742,2025-03-05,Home Appliances,,,1.0,2.0,Asia,Debit Card
11098,2024-06-14,Electronics,,4,1169.38,4677.52,Asia,PayPal
10703,2024-12-02,Books,,2,434.06,868.12,Europe,PayPal
10536,2024-08-01,Electronics,,2,680.51,1361.02,North America,
10167,2024-06-15 00:00:00,Beauty Products,,1,16.99,16.99,Europe,PayPal
11048,2024-02-06,Electronics,,1,$835.87-ERROR,835.87,Europe,
10078,2024-03-18 00:00:00,Sports,Rogue Fitness Kettlebell,3,69.99,209.97,Asia,Credit Card
10885,2024-10-02,Sports,,,244.97,244.97,North America,Credit Card
11046,2024-08-10,Beauty Products,,,1.0,2.0,Asia,Debit Card
10941,2024-02-21,Sports,,2,1.0,2.0,Europe,PayPal
10491,2024-05-19,Home Appliances,,,1.0,3.0,Europe,Credit Card
10730,2024-10-25,Electronics,Bose QuietComfort 35 Headphones,83,995.29,82609.07,Asia,Credit Card
10674,2024-07-31,Electronics,Bose QuietComfort 35 Headphones,,757.81,757.81,Asia,
10106,2024-04-15 00:00:00,Books,The Girl on the Train by Paula Hawkins,4,10.99,43.96,North America,
10822,2024-05-10,Beauty Products,,2,110.15,220.3,Asia,Credit Card
10882,2024-02-28,Beauty Products,,,3067.47,3067.47,North America,
10973,2024-03-24,Beauty Products,,1,607.95,607.95,Asia,PayPal
10414,2024-02-16,Home Appliances,,3,427.18,1281.54,Asia,Credit Card
10784,2024-12-16,Beauty Products,Sunday Riley Good Genes,1,82.89,82.89,Asia,Credit Card
10519,2024-12-16,Clothing,,80,337.91,27032.8,Asia,
10997,2024-05-19,Books,Books Advanced 292,1,1.0,1.0,Europe,
11002,2024-04-02,Home Appliances,,4,884.07,3536.28,Asia,Credit Card
10367,2024-07-29,Home Appliances,,4,1.0,4.0,Europe,Credit Card
10230,2024-08-17 00:00:00,Home Appliances,,1,599.0,599.0,Europe,PayPal
10643,2024-02-24,Books,,1,102.6,102.6,Europe,Debit Card
10707,2024-03-26,Clothing,,3,1.0,3.0,North America,PayPal
11051,2024-04-29,Electronics,Samsung Odyssey G9 Gaming Monitor,,869.79,869.79,Europe,
10039,2024-02-08 00:00:00,Clothing,,4,59.99,239.96,Asia,Debit Card
10373,2024-01-08,Books,1984 by George Orwell,3.0x,973.53,2920.59,North America,Credit Card
10987,2024-08-15,Home Appliances,,2,429.93,859.86,Europe,Credit Card
10868,2025-01-13,Clothing,,2,264.36,528.72,North America,Debit Card
10777,2024-08-22,Sports,,4,489.9,1959.6,North America,Credit Card
11010,2025-01-23,Electronics,,1,1062.96,1062.96,Asia,Credit Card
10492,2024-07-16,Electronics,,,1.0,2.0,Europe,PayPal
10216,2024-08-03 00:00:00,Sports,,4,349.99,1399.96,Asia,Credit Card
10928,2025-03-16,Sports,,2,0.96,1.92,North America,Debit Card
10287,2025-03-25,Beauty Products,,1,1410.68,1410.68,Europe,Credit Card
10871,2025-02-03,Home Appliances,,1,555.82,555.82,North America,Credit Card
11055,2024-03-13,Home Appliances,Blueair Classic 480i,4,212.31,849.24,Europe,
10590,2024-03-09,Beauty Products,,5,1101.04,5505.2,North America,Credit Card
10482,2024-01-09,Sports,,1,555.19,555.19,North America,Credit Card
10190,2024-07-08 00:00:00,Books,,3,10.99,32.97,North America,Credit Card
10892,2024-12-17,Books,,1,64.76,64.76,Asia,Mobile Payment
10249,2024-07-05,Electronics,Microsoft Surface Laptop 4,1,359.2,359.2,Asia,Credit Card
10641,2025-04-13,Books,,1,1.0,1.0,Europe,Credit Card
10067,2024-03-07 00:00:00,Electronics,,1,1199.99,1253.28,North America,Credit Card
10941,2024-02-21,Sports,,3,1.0,3.0,Europe,PayPal
10260,2025-03-06,Clothing,,3,1.0,3.0,North America,Credit Card
10365,2024-08-14,Books,,3,362.42,1087.26,Europe,
10998,2024-01-12,Sports,,1,468.09,468.09,Europe,Credit Card
10675,2024-05-22,Electronics,,1,224.6,224.6,Europe,Credit Card
10837,2024-09-04,Clothing,,1,1.03,1.03,North America,Credit Card
10236,2024-08-23 00:00:00,Home Appliances,Nespresso Vertuo Next Coffee and Espresso Maker,1,165.78,165.78,Europe,PayPal
